log_L,v_inner,log_rho_0,density_exp,T_e_ratio,v_core,v_wall,X_Fe_core,X_Si_wall,X_O_core,X_O_wall,X_O_outer,rms,si_depth,si_velocity,si_wave_min,runtime,converged
43.12478450167819,9069.43357818823,-13.446071876961655,-9.675196303542288,0.9411318597073273,15995.786834002567,19015.387338906454,0.37944174705112876,0.2239075269002159,0.3205582529488712,0.47609247309978414,0.72,0.10853499776416765,0.8569297405147724,11093.627065302911,6120.0,1.6290395259857178,1
43.139387894689726,8010.509544287632,-13.229120869859914,-8.19709569552085,0.7556407117360115,15113.34813283081,21725.351457023753,0.5270364227027662,0.3239944483515751,0.17296357729723377,0.3760055516484249,0.72,0.11997174746237858,0.6630992525743116,12887.490165224233,6082.0,1.7261974811553955,1
43.05903782113979,8285.785454879497,-13.164815885774757,-8.027455275682858,0.7811660863879009,13846.718369967819,18090.537972574275,0.3314872627500077,0.31655364601625485,0.36851273724999223,0.38344635398374516,0.72,0.1342316107686414,0.779997908970808,7883.556254917388,6188.0,1.766103982925415,1
43.03103121437196,8140.770806009118,-13.33081586854836,-8.06518983771188,0.9419143110451849,11617.770600062102,19088.650772391902,0.583582658505563,0.5622850501582033,0.11641734149443694,0.13771494984179672,0.72,0.13724684608151078,0.670845934743356,17041.699449252555,5994.0,1.7591166496276855,1
43.124425626895885,8373.907671136747,-13.411863963915094,-5.848257409301748,0.8943890127687365,10412.964491897474,20675.382017209253,0.5140543087069355,0.6535986866683062,0.18594569129306449,0.04640131333169377,0.72,0.14085692691336352,0.8311820290362122,10621.557828481511,6130.0,1.7957096099853516,1
43.062878406169006,8950.304433040656,-13.450700801297911,-7.307161697366695,0.7607456035733637,14195.624854083628,16853.542397243367,0.4696123646198793,0.2567424665508559,0.23038763538012064,0.4432575334491441,0.72,0.14236973857006377,0.7887593447507417,8261.211644374509,6180.0,1.7335753440856934,1
43.06176556075186,9774.009595687994,-13.489605321062562,-8.316468276803503,0.7991801662422934,11645.473211308617,20494.961225500687,0.6559558385564543,0.5477760152063207,0.044044161443545615,0.15222398479367932,0.72,0.14522679321645368,0.845241969230581,12415.420928402833,6092.0,1.6968319416046143,1
43.011140879294764,8690.844244326732,-13.071282031710615,-9.237739918678999,0.9348567510430836,13962.344684196562,17731.6924617372,0.2127239430139326,0.4791270306626101,0.48727605698606735,0.22087296933738992,0.72,0.14710798982180434,0.913467217753601,16097.560975609756,6014.0,1.752436876296997,1
43.111745435905746,9237.81848111517,-13.411623712147643,-9.184711259049337,0.842796500473382,14987.886139964794,16542.55449613885,0.6009176379798096,0.6081238704398467,0.09908236202019038,0.09187612956015327,0.72,0.148443285672318,0.6824918860439957,6939.417781274587,6208.0,1.6776988506317139,1
43.087620570780615,8788.007566442391,-13.417191785351953,-6.98202848057439,0.9015662757296475,14773.1512065446,18716.99882324253,0.6643098567914005,0.39635502928046185,0.03569014320859942,0.30364497071953817,0.72,0.14857664869710704,0.6369384327636668,27616.050354051928,5770.0,1.804380178451538,1
42.84516444007611,8108.353251012539,-13.405931922052602,-8.251327492550853,0.7436048974472153,13027.183204322955,17908.72249346537,0.6439097956491495,0.6277707703029725,0.05609020435085044,0.07222922969702754,0.72,0.15133111744592478,0.6203890054635395,6939.417781274587,6208.0,1.7443006038665771,1
42.99364202784598,8274.939500931572,-13.484615969754769,-6.1443862766869835,0.8068700875802192,10640.344937781965,16666.608558624164,0.5561286752118447,0.5286524520617537,0.14387132478815523,0.1713475479382463,0.72,0.1531177846103869,0.839472864527055,11565.696302124312,6110.0,1.773963212966919,1
43.049903545290476,9140.547444334381,-13.456822171878017,-6.57188974635402,0.7373760933838992,14623.476965959577,20674.729457611316,0.459416433353062,0.36831540660500894,0.24058356664693797,0.33168459339499107,0.72,0.15528560205329114,0.7041717392213134,11093.627065302911,6120.0,1.7821121215820312,1
42.970465922682706,8922.357920895529,-13.424355719469283,-7.911921911973576,0.9856857722650956,13690.813539930528,17051.28182722322,0.22334649246452898,0.5001366406955409,0.476653507535471,0.19986335930445914,0.72,0.15612702777103413,0.821362312888329,12887.490165224233,6082.0,1.7304773330688477,1
42.91012323446426,9216.755081383784,-13.376940785789571,-9.972110001372414,0.9834082080313105,14261.378897480205,17871.746904970256,0.5042205675181726,0.6475279668827172,0.1957794324818274,0.05247203311728281,0.72,0.15775659495042849,0.7711048490546208,7411.487018095987,6198.0,1.7133255004882812,1
42.80126568567473,8312.855579230796,-13.412410139439348,-9.427879280902838,0.8055107172550791,14207.624842656147,20325.19045280396,0.5541279646067749,0.2732180872784898,0.14587203539322502,0.4267819127215102,0.72,0.1586984482698649,0.7027669923491123,5523.210070810385,6238.0,1.7099947929382324,1
42.94693369636952,9056.104972189825,-13.397129192699838,-7.720009632916651,0.872746481521105,12159.596052788831,18886.59640372776,0.37775284122758335,0.37292526388039515,0.3222471587724166,0.32707473611960486,0.72,0.16445529226270636,0.6927160897668316,9205.35011801731,6160.0,1.7598538398742676,1
42.913669720022064,8116.455300023466,-13.37718265525504,-6.626023033493537,0.8959270198912548,13893.470986575021,20226.883766225736,0.44916884824327497,0.3367453581205777,0.250831151756725,0.3632546418794223,0.72,0.1659858131773808,0.8344336312206964,7411.487018095987,6198.0,1.8021924495697021,1
43.006069774046345,8733.115714321764,-13.154427154415137,-8.295965101985061,0.7356482626786077,13072.251600780728,15325.064648098763,0.5543224451514341,0.28484846612093273,0.14567755484856582,0.4151515338790673,0.72,0.1669287655375675,0.7418096224251985,13359.559402045634,6072.0,1.7756390571594238,1
42.84687047527874,8348.055008993028,-13.105404100204305,-9.515369444755882,0.9171035009724082,13314.151488702597,20687.08014042514,0.3678774732027898,0.4595703920805703,0.33212252679721016,0.2404296079194297,0.72,0.16959508835026257,0.6254435506565937,9677.41935483871,6150.0,1.7756280899047852,1
42.998642600291866,8927.620948159536,-12.95681147126805,-9.572987064712638,0.992768377684397,14107.161871514869,15453.83654249541,0.20845678727711348,0.3672314461026094,0.4915432127228865,0.33276855389739063,0.72,0.17001749791301332,0.8779580273747636,16569.630212431155,6004.0,1.7792794704437256,1
42.92428700902859,8418.749588448381,-13.17026174766121,-8.103563830823196,0.8641050316048737,12533.9176685833,20383.926715201633,0.6459937391285819,0.26447716282715816,0.05400626087141802,0.43552283717284185,0.72,0.17072782966910424,0.7311670585666123,10999.213217938632,6122.0,1.8158438205718994,1
43.139666417559404,9436.331997912504,-13.161045957149254,-7.505811290374627,0.7354573353293895,13417.874878968132,19765.99765911736,0.4676791926212341,0.2828791592719486,0.23232080737876587,0.4171208407280514,0.72,0.17079134560782872,0.889453307317851,12887.490165224233,6082.0,1.835707664489746,1
42.99355455222054,9354.601966931563,-13.10881958772458,-9.776138245582434,0.9412003480789203,10608.610305126525,16469.98790802404,0.5391899282029661,0.22148756282344945,0.16081007179703388,0.4785124371765506,0.72,0.17383996340741484,0.9411135897233561,8733.28088119591,6170.0,1.7417521476745605,1
43.148776840872095,8762.828023419064,-13.084983533426952,-7.124359706222504,0.9395296572400403,15451.706635090071,19849.115015264477,0.5760897416781817,0.4137145954242518,0.12391025832181823,0.2862854045757482,0.72,0.17426786583451898,0.8463798263878006,6467.348544453186,6218.0,1.8809032440185547,1
42.81705284936345,8082.456294888249,-13.121219678404538,-9.013727644453338,0.9115377837997666,14771.940775166508,15826.373667656844,0.5553061669290685,0.277222321742693,0.14469383307093142,0.422777678257307,0.72,0.1752734674146932,0.7363731598762375,9677.41935483871,6150.0,1.808816909790039,1
42.81150368459326,8580.496539507783,-13.469021919016804,-8.026338097141045,0.8486474023806047,12137.904901941636,18484.795800531138,0.4883654890956727,0.5389714009319702,0.21163451090432728,0.16102859906802985,0.72,0.17567000188189977,0.7223759626470962,11093.627065302911,6120.0,1.7809555530548096,1
43.12034702193433,9516.243090739228,-13.376605102323943,-5.679157314602157,0.8745996176367965,11206.09689206536,20082.36630469949,0.5113582611452847,0.5266975997537038,0.18864173885471525,0.17330240024629623,0.72,0.1758721038072432,0.9520511423226834,11471.282454760032,6112.0,1.8501834869384766,1
42.913339450862196,8526.287968915585,-12.968287847259024,-9.798340184882495,0.7826905153250104,10565.379186676602,15525.817258581745,0.5832385477384285,0.514238315102459,0.11676145226157142,0.18576168489754102,0.72,0.17719138780394983,0.8939391823852764,10999.213217938632,6122.0,1.7873210906982422,1
42.85015459373837,9441.592839052344,-13.343976425884138,-9.838865338441433,0.8660294109660951,14199.533020825886,19183.019847080563,0.4328321283813486,0.4775051229699526,0.26716787161865135,0.2224948770300474,0.72,0.1772579427954137,0.7458512151124682,12887.490165224233,6082.0,1.7197253704071045,1
42.89241179579646,8939.292740963405,-13.467654454885597,-7.8138305411463325,0.9636906617159372,12020.024845584234,19432.59368095675,0.6539281780411444,0.36405040459509974,0.04607182195885551,0.33594959540490027,0.72,0.177510587928912,0.7540542663126245,12887.490165224233,6082.0,1.8135404586791992,1
42.91032608135852,9702.120481807797,-13.49952418675704,-8.772282987983637,0.9336940906714388,12270.787797717576,19236.76982328869,0.48267732558219884,0.23898523996737797,0.21732267441780112,0.46101476003262204,0.72,0.1808741489408768,0.7882837375375852,9205.35011801731,6160.0,1.7045202255249023,1
43.08159110221128,10671.892216318054,-13.278742389074477,-9.818740310547577,0.9447500065979817,11058.76084881584,14414.440925118988,0.6535266384955285,0.37502161118648936,0.046473361504471455,0.32497838881351065,0.72,0.18267190108359424,0.893285996228542,9677.41935483871,6150.0,1.669844627380371,1
43.11825625836957,10526.679166721195,-13.454790078875448,-6.026148184084464,0.8813767899949385,15618.544227659497,17172.219224494846,0.6477490111368016,0.524036515548131,0.052250988863198344,0.175963484451869,0.72,0.18344198647477017,0.8519817438219202,9677.41935483871,6150.0,1.8596594333648682,1
43.01632584338543,10301.977935465118,-13.395483795179437,-7.615155497856111,0.8234967085389208,11126.295534698553,20050.456915767627,0.39284040808548615,0.49449364528430806,0.3071595919145138,0.20550635471569195,0.72,0.1834441699304572,0.9274677606670538,11471.282454760032,6112.0,1.7538490295410156,1
42.81657732065475,8309.427385127883,-13.479598748831842,-6.402286602922786,0.7214693500185855,15600.330141069584,21495.252320181426,0.5276324400488479,0.5083194656979754,0.17236755995115205,0.19168053430202464,0.72,0.18364337072394588,0.683486636945321,13359.559402045634,6072.0,1.8543479442596436,1
42.80129322200685,8171.089709619064,-13.02755723170388,-9.861685447979747,0.885102492451014,10854.316987299273,16638.648105014727,0.5788861723841296,0.21830396025717363,0.1211138276158703,0.4816960397428263,0.72,0.18377469694381948,0.7485940436038996,10999.213217938632,6122.0,1.7712619304656982,1
43.05325822326098,8976.208115148353,-12.78297191937908,-9.842743860707147,0.8565992161137208,11920.628595319282,15800.612206196727,0.48296166749908886,0.6210097681621303,0.2170383325009111,0.07899023183786973,0.72,0.18496272126300564,0.9355588299441085,9677.41935483871,6150.0,1.86865234375,1
43.13506791780272,9509.963812667538,-12.829663088559755,-9.280640975682987,0.7537217108140464,11535.300009439816,18161.457207827316,0.2044827793304356,0.5700295227204475,0.4955172206695644,0.12997047727955252,0.72,0.18758240624154512,0.9910927898538799,12037.765538945712,6100.0,1.8178422451019287,1
42.94392169850626,9279.147671696914,-13.286129438973493,-6.763164655068437,0.9064644976350112,15311.948403376298,21493.56063430293,0.65004740971749,0.6638334685770775,0.04995259028250998,0.03616653142292252,0.72,0.18782594094792426,0.865572505796714,17513.768686073956,5984.0,1.9824118614196777,1
42.902163040533836,8319.862712041366,-12.910031643846548,-9.389284067505896,0.7256672923055179,11867.338655225343,14099.725278703056,0.46042136945378964,0.5538404550400383,0.2395786305462103,0.1461595449599617,0.72,0.18799480225542842,0.9002453940468407,10527.143981117231,6132.0,1.8318705558776855,1
42.998104208037965,10378.359172832827,-13.385874344753612,-7.551438556654911,0.9579409394284433,15568.04118288434,20178.489117205747,0.3109159830281053,0.516621120426469,0.38908401697189465,0.183378879573531,0.72,0.1903117144372064,0.8419405868670936,13831.628638867034,6062.0,1.8179709911346436,1
43.07226695406614,9414.66112932537,-13.462074034638695,-4.889177239404452,0.7884922363204313,11127.982804257397,17781.356225308897,0.3883029830980963,0.6389078388589627,0.31169701690190366,0.06109216114103726,0.72,0.19183455804714322,0.9637666325653347,11471.282454760032,6112.0,1.889894962310791,1
43.07807964300187,8051.224092745582,-12.735799573241211,-8.338808182373258,0.8421743579112575,12368.589254846804,21657.135705833658,0.6157459973862693,0.3198703692112871,0.08425400261373062,0.3801296307887129,0.72,0.19212390686327804,0.9179950897824979,8733.28088119591,6170.0,1.9381153583526611,1
43.05987125186947,8753.263787164564,-13.294383987481234,-5.348600486840711,0.860415015226813,10083.836316510775,14017.881637979177,0.5063963790439383,0.35247775687459737,0.19360362095606165,0.34752224312540264,0.72,0.1949302288607035,0.9463791365000381,10149.48859166011,6140.0,1.8726649284362793,1
43.13365398961071,9538.006877868514,-13.420153801481836,-4.085883662266282,0.8885622363307639,14939.17081630794,20122.701092576724,0.3703443975182073,0.5988225984837222,0.32965560248179265,0.10117740151627778,0.72,0.19588515545576296,0.8886240775101493,17041.699449252555,5994.0,2.067667007446289,1
43.05631144775873,11864.985130957137,-13.44626978883384,-8.968783814611891,0.8152919977311872,15208.928959174407,18295.999507347995,0.5931841100043744,0.5915064177284213,0.10681588999562552,0.10849358227157872,0.72,0.1984727642495359,0.7583299038506928,16097.560975609756,6014.0,1.751119613647461,1
42.836568281350715,8184.0164333612565,-13.062368154278557,-7.897420529496672,0.7422316346320332,13517.512992601956,15404.60744213257,0.4658604399723967,0.47005065282051034,0.23413956002760328,0.22994934717948967,0.72,0.1987246311037924,0.8949608540829003,10149.48859166011,6140.0,1.895594835281372,1
43.11653048357147,10028.53989721422,-12.945261751706425,-8.86193374168472,0.9501871772317114,15238.196990055862,18125.45882216178,0.6640901748358237,0.44258617748208184,0.03590982516417629,0.25741382251791817,0.72,0.1993222578061364,0.9301197469170794,13831.628638867034,6062.0,1.8932185173034668,1
42.97542319673846,9100.24160238304,-12.751559314608544,-9.975981025343325,0.7429590213229365,11478.85511850056,15591.65369274556,0.3354670619478262,0.5280238025305892,0.36453293805217374,0.17197619746941079,0.72,0.20150948190100149,0.8930119934513622,7411.487018095987,6198.0,1.8243377208709717,1
43.14355499306244,8979.32486112979,-12.82103313435792,-7.367958246076583,0.7037216846526447,11373.953450344841,19817.70624060641,0.32051878192330086,0.5853171468699043,0.3794812180766991,0.11468285313009567,0.72,0.20220715626414174,0.9228281970723413,12887.490165224233,6082.0,1.9817180633544922,1
43.07481547197331,10076.801478676824,-13.0541207964473,-8.203814231236775,0.9029624998059292,15079.096062299039,21835.78914326859,0.4920191511624863,0.5013709943400868,0.20798084883751367,0.1986290056599132,0.72,0.2022366301663333,0.8798676721265395,13359.559402045634,6072.0,1.92877197265625,1
43.01724559429486,8214.678098513425,-13.33353297528369,-4.167962051074417,0.7497631933698686,10618.102178724628,18834.77447307514,0.363053668782384,0.6519417216908732,0.33694633121761597,0.04805827830912683,0.72,0.20262105961565355,0.9941298465339465,14303.697875688435,6052.0,2.0208895206451416,1
43.004422169943616,8224.707017546036,-12.840397945846501,-7.474529803176307,0.8244262672485925,11963.025150855434,21754.83110958869,0.3049501716624313,0.2756539107376056,0.39504982833756863,0.4243460892623944,0.72,0.20277639845144133,0.9169414799715423,12415.420928402833,6092.0,1.9377048015594482,1
42.9157132068831,9830.821307123593,-13.482126333435012,-7.4459592392523,0.7918377664991583,11056.083713578275,14705.07809361729,0.4404979787344611,0.3142432057399666,0.25950202126553884,0.3857567942600334,0.72,0.20302655576772763,0.8238272093446988,9677.41935483871,6150.0,1.8047561645507812,1
43.025518543169106,10332.68837681052,-12.927517378650224,-9.514203750326645,0.7491577740148437,12032.890578903302,21128.174381808465,0.28571363957405604,0.39830113721390864,0.4142863604259439,0.30169886278609137,0.72,0.20361693752292243,0.9303815704510772,13359.559402045634,6072.0,1.845026969909668,1
42.85314118678719,9572.163939054297,-13.43631259019938,-7.281783657085178,0.8092307589157879,13453.260009124127,18901.930932714327,0.4999608337436117,0.2767652464559819,0.20003916625638823,0.4232347535440181,0.72,0.2046473071078237,0.7262231790765565,12887.490165224233,6082.0,1.8298029899597168,1
43.07829350410992,10419.215689736484,-13.194782133894096,-6.97540573425286,0.7906043194127614,12964.315591469793,14245.062551684958,0.2364324714467641,0.4594958770318996,0.46356752855323585,0.24050412296810042,0.72,0.20487788594704817,0.7921668272165816,12887.490165224233,6082.0,1.8220586776733398,1
42.80545324501488,9033.149130261934,-13.25008975023837,-8.930758861117207,0.7060433414489806,10944.685651991149,19328.79642854058,0.5777512498835575,0.6678418196990212,0.12224875011644243,0.032158180300978764,0.72,0.2050872412774482,0.8473146973770065,11565.696302124312,6110.0,1.7950897216796875,1
42.87967884678355,10223.186511462602,-13.303172745889944,-9.156158421683566,0.7588795521248944,11198.557863702426,16453.560945036792,0.5306850086948958,0.3806428761850769,0.1693149913051042,0.3193571238149231,0.72,0.20551607595433496,0.8282672251594537,8827.69472856019,6168.0,1.7391135692596436,1
43.03343675724719,9590.320735543397,-13.223028435711127,-6.489113070152181,0.8789297403672525,11888.1994818228,16642.5430862034,0.6164270079116883,0.5237054114380347,0.0835729920883117,0.17629458856196528,0.72,0.20558691467362017,0.9515516085932945,12415.420928402833,6092.0,1.901169776916504,1
42.964843760665,8911.206140331358,-12.782642088983163,-9.8482153992345,0.9466913970866097,12053.340640840323,15172.806438755715,0.4635768987490803,0.48927215519610195,0.23642310125091964,0.21072784480389806,0.72,0.20681194007677112,0.9208895569515636,28088.119590873328,5760.0,1.8370702266693115,1
43.0188434183821,9351.023674007143,-12.736191001136616,-9.812277329129639,0.7100947228694543,10366.457312445375,14283.149731595317,0.4442604885635739,0.6188723863317362,0.25573951143642604,0.08112761366826375,0.72,0.20686835169513138,0.9980204531592489,9205.35011801731,6160.0,1.8489100933074951,1
42.80985945644544,8362.619787072588,-13.255612088445178,-6.6100996836544255,0.8270219942090345,11983.083930884342,17060.30707989847,0.6056976567873292,0.3596882362091271,0.09430234321267073,0.3403117637908729,0.72,0.20704158280301685,0.8469178929735609,10999.213217938632,6122.0,1.9235093593597412,1
43.11922845924498,12250.924268180028,-13.442398195019019,-7.403119959585042,0.7168820925251762,14570.192078432472,16570.509183856593,0.2164748310028924,0.4114749630556075,0.48352516899710757,0.2885250369443925,0.72,0.2070468897962011,0.7293142815891863,14209.284028324155,6054.0,1.7375144958496094,1
42.94893532045656,8547.738806096784,-12.876616812168791,-7.478674746911675,0.8667878817421166,14844.250673320132,21388.937254735094,0.6609981568978076,0.37538394466736935,0.039001843102192346,0.32461605533263066,0.72,0.20740941467023555,0.8799122465634427,13359.559402045634,6072.0,2.0380141735076904,1
43.07935890198905,10838.780584205957,-13.389954922005431,-6.615569086449058,0.7184785182742542,12585.309384465116,17122.069031577565,0.45668828561776503,0.3399129591973936,0.24331171438223492,0.3600870408026064,0.72,0.20763571651251309,0.8432823852348859,10149.48859166011,6140.0,1.8391525745391846,1
42.978614070976505,10546.501566124109,-13.483705221052498,-6.981725171033934,0.9567912400522374,14255.644066853489,20365.668977000038,0.43429099386111264,0.464486618456479,0.2657090061388873,0.23551338154352103,0.72,0.20765809114078948,0.8653083361261936,13831.628638867034,6062.0,1.8171381950378418,1
43.10212434573299,12450.112503123491,-13.42499664566102,-7.57675276289856,0.8557725711310916,14334.677955724925,19582.70982396375,0.3072369439737136,0.5434831253360016,0.39276305602628636,0.15651687466399838,0.72,0.20857786434308742,0.8805905936590063,12415.420928402833,6092.0,1.7703557014465332,1
42.9188818623315,8901.768608172415,-12.927120023473002,-7.857306424620289,0.9555603567239632,11445.862961578703,18307.147920692998,0.3104835302895095,0.44765030819292095,0.3895164697104905,0.25234969180707906,0.72,0.20890336506198626,0.9468506167107037,9299.76396538159,6158.0,1.9405272006988525,1
43.13752845291564,8712.856411635568,-12.928060557683047,-6.395170665237584,0.907194121931546,10577.146000086848,15508.480629076465,0.24598319687052891,0.5020671026085355,0.454016803129471,0.19793289739146452,0.72,0.20921754629936143,0.9982071538208569,12887.490165224233,6082.0,1.9244906902313232,1
43.128902086807976,8338.100038146475,-13.120755027257747,-4.958493876233129,0.7210933415693366,10109.386437933901,14199.581749653205,0.5067621436616202,0.6057983722983314,0.19323785633837975,0.09420162770166855,0.72,0.20925724975727017,0.8793114411164382,12887.490165224233,6082.0,1.9630093574523926,1
43.0262494633204,8933.460591406327,-12.749835653971216,-8.189239960236439,0.7765559536880626,14266.976789164946,19251.589744529454,0.4707793510059832,0.5162231173453931,0.22922064899401673,0.18377688265460695,0.72,0.20961310914779382,0.8508706785180519,13831.628638867034,6062.0,1.9692637920379639,1
43.04382463210876,10810.198548778282,-13.346629145428981,-5.910886101447701,0.7935926527563218,15867.805467773265,21322.069989824155,0.20159822128201366,0.5336184601820102,0.4984017787179863,0.1663815398179898,0.72,0.21136589876008402,0.9417938557271474,15247.836349331235,6032.0,1.9739391803741455,1
42.92220855246913,8667.831454907793,-13.049033541469074,-6.536027276789282,0.8467700065757624,15020.051406325154,17299.919931631724,0.34540182010367704,0.419723254626918,0.3545981798963229,0.280276745373082,0.72,0.21158542672584235,0.796890492715467,16569.630212431155,6004.0,2.0051651000976562,1
42.91250427232482,9672.88246900714,-12.853001525524308,-9.769950077776146,0.7632827953508112,11768.272127524255,18574.663242539962,0.596511174527476,0.2347163947841657,0.10348882547252392,0.4652836052158343,0.72,0.2116357892445092,0.8767635116950785,10621.557828481511,6130.0,1.8762547969818115,1
43.127899113996754,12526.389197922672,-13.188486537064756,-9.273376062363733,0.7053253595378624,13269.568633045361,18852.930635374603,0.4385826346234916,0.40756057338521895,0.26141736537650834,0.29243942661478106,0.72,0.21199040684915194,0.9042854716080003,13359.559402045634,6072.0,1.7659776210784912,1
42.99069751179131,11302.305726552284,-13.155598151912343,-8.692976248698404,0.9600526187241627,12076.005203428085,21383.547358721396,0.3244119998158735,0.4800287381181152,0.37558800018412647,0.21997126188188482,0.72,0.21286380334981042,0.9596570124893969,9677.41935483871,6150.0,1.7993431091308594,1
43.01135259632842,9099.450213675307,-12.85656650729865,-7.374781859370972,0.9118732335049741,10488.654887444907,17759.723152994935,0.216931719306397,0.5379549959077823,0.48306828069360297,0.16204500409221773,0.72,0.21409888705737454,0.9936172706275186,12415.420928402833,6092.0,1.953484296798706,1
43.13672200024623,11650.182861407326,-13.367598417417401,-5.954015661810069,0.9247526886866211,13777.177066564534,20315.521150329103,0.40568112168790366,0.3564346132550615,0.2943188783120963,0.34356538674493853,0.72,0.21500237625751942,0.8255225260312926,13359.559402045634,6072.0,1.936476469039917,1
43.01393642825771,9823.117541680496,-12.801567483152342,-9.218843740020297,0.8833990463089325,13902.652068721021,15336.130943317214,0.5701822522682458,0.5577112022391926,0.12981774773175414,0.14228879776080744,0.72,0.21544290817385744,0.8108467143947868,12887.490165224233,6082.0,1.9143834114074707,1
43.145242159121715,10512.590823129578,-12.907402503374527,-7.810288346279186,0.9381408190340947,11875.80319694087,18712.636048618522,0.39075681128439677,0.6410032658384555,0.3092431887156032,0.05899673416154454,0.72,0.21555755434688792,0.9377006230184903,12415.420928402833,6092.0,1.8934688568115234,1
42.809170519465724,9213.370214775136,-13.206649950994057,-7.891901900264416,0.8574002528330715,15298.761292215542,16338.705816877593,0.5124623647755013,0.37006947684423963,0.18753763522449862,0.3299305231557604,0.72,0.21622826099624004,0.874476432007567,9205.35011801731,6160.0,1.932185411453247,1
42.98522625616529,10995.021789802666,-13.018634451730472,-8.293637091406524,0.9319588755105342,11273.391684764312,19965.5432220577,0.3964156421372885,0.454272361297554,0.30358435786271143,0.24572763870244602,0.72,0.21667245114025893,0.9271669223665455,11943.351691581433,6102.0,1.9182758331298828,1
43.1012566766527,10414.539161855355,-12.830238760529921,-8.159355498536769,0.9285844535692526,10842.700950334136,16456.41532770007,0.46743959801583973,0.3611598590717109,0.23256040198416023,0.3388401409282891,0.72,0.21679994671705613,0.9948219728904635,12415.420928402833,6092.0,1.8979387283325195,1
42.837523796051045,9356.940664125184,-13.21392143182154,-7.12648955313997,0.8481729229463197,15137.1703788905,20164.4744222808,0.211310947422772,0.4275108802915939,0.48868905257722794,0.2724891197084061,0.72,0.21703713950823397,0.8068772868446126,14209.284028324155,6054.0,1.9523561000823975,1
42.890190481945545,8849.702956805337,-12.737436980393081,-8.827482469536266,0.9878137816945693,14565.033041927243,19127.56537700179,0.605611376053627,0.36573716182956195,0.09438862394637293,0.33426283817043806,0.72,0.21803982706412722,0.8593135493879613,12415.420928402833,6092.0,2.1065943241119385,1
43.05365767645795,11978.975024026562,-13.147027596310895,-8.732837679825652,0.756688115265906,15138.97600540955,18086.05189398812,0.25408218922296005,0.5585097363814443,0.4459178107770399,0.1414902636185557,0.72,0.2186639972174503,0.8320505799957945,11565.696302124312,6110.0,1.8647034168243408,1
42.96679308567936,10361.002217488185,-13.41223992395677,-5.610378533599178,0.7381150731803725,15385.294910981713,19190.260121909094,0.2652799550344885,0.5890156265486253,0.4347200449655115,0.11098437345137473,0.72,0.2189177645163749,0.9927195547591046,16097.560975609756,6014.0,1.931467056274414,1
43.081846941966035,9483.662321532825,-12.79147298066843,-8.003119827682754,0.8603850204515887,11528.277052009431,17635.924803220045,0.43053902905096997,0.41455470180192966,0.26946097094903,0.28544529819807035,0.72,0.21908224392042058,0.9943465815283016,11093.627065302911,6120.0,1.910158634185791,1
42.83255543752534,8714.961929788944,-12.960415511670305,-8.55690149562679,0.7305674770213356,12429.106047177094,18043.743317813536,0.5492674852517545,0.36320866387560835,0.15073251474824545,0.33679133612439166,0.72,0.21914565987131818,0.8279676801600925,13359.559402045634,6072.0,1.9492478370666504,1
42.99466415913524,8819.0358140796,-13.033159019194656,-5.862016611410291,0.7457783719637305,10132.51760829576,21252.305139416967,0.2738904559078232,0.20954881992971086,0.4261095440921768,0.49045118007028915,0.72,0.21945898644103343,0.9959578258323107,9677.41935483871,6150.0,1.9881048202514648,1
42.936266901957076,9235.337936403595,-12.812657217042482,-8.216022843360808,0.7630577709253071,11855.498358016937,15625.196601339176,0.39059313248312455,0.24146811143408653,0.3094068675168754,0.4585318885659135,0.72,0.2217187964208308,0.9981025531088186,9677.41935483871,6150.0,1.9843084812164307,1
43.0168827906378,10463.285276025115,-13.311358751900071,-5.5658142710366585,0.8202100831070342,14243.646832051978,20113.698200058105,0.5143186852612847,0.29834095272014177,0.1856813147387153,0.40165904727985824,0.72,0.2226057709589229,0.8889630432555076,14681.353265145555,6044.0,1.960939884185791,1
43.01763398455859,9387.555597170076,-13.139267786270317,-4.986921775414034,0.9005330712117321,13363.91704437501,21081.303013070727,0.6034637433300742,0.5213648653955476,0.09653625666992571,0.1786351346044524,0.72,0.2229668095971134,0.9994012821350174,13359.559402045634,6072.0,2.166964530944824,1
42.95774270535358,9847.355230906263,-13.28063807816528,-5.624372536837665,0.7928956090081553,13240.851713998174,21385.788282156933,0.5235655893521496,0.5085114550802803,0.17643441064785037,0.19148854491971973,0.72,0.2230217191100407,0.916270666288598,15153.422501966956,6034.0,1.9973623752593994,1
42.960555524990426,10922.583196799102,-12.96459466140239,-9.47825524061408,0.7162149111046673,14487.155259295632,20771.96500576666,0.5345629268982675,0.5091347635765526,0.1654370731017325,0.19086523642344738,0.72,0.2233211130559853,0.9463017236507868,12415.420928402833,6092.0,1.9298112392425537,1
42.90562490181096,8204.349948858371,-13.248249709368647,-4.732517340471958,0.9735962942714442,10657.812074611302,17664.46833294745,0.4288093409525835,0.4446795983116939,0.27119065904741646,0.2553204016883061,0.72,0.22413180863118562,0.9574366270117746,13831.628638867034,6062.0,2.029886245727539,1
42.95421656915639,10491.228726253357,-13.138820904201701,-8.803349036408115,0.9364094490972891,13306.73247678024,15876.391903060701,0.47026620347902376,0.2531115678318976,0.2297337965209762,0.4468884321681024,0.72,0.2241496964360987,0.8957706495149171,12887.490165224233,6082.0,1.8621249198913574,1
42.894959305902866,10113.127207574182,-13.217592900976529,-7.539967976049318,0.7673950050210321,15959.676185829485,17681.550053261137,0.5409649877726044,0.6592609921974436,0.15903501222739558,0.04073900780255639,0.72,0.22418339313500935,0.8511246722159681,12415.420928402833,6092.0,1.901716947555542,1
42.88542197257762,10870.277528909106,-12.95255534425619,-9.635020794991831,0.7459301127410131,11987.660760517403,19360.745393188565,0.4634210673368582,0.5670975341091227,0.23657893266314178,0.13290246589087734,0.72,0.2248006284863749,0.9973171689003016,13359.559402045634,6072.0,1.8507277965545654,1
42.93750024351041,11235.593940367831,-13.164273125752398,-8.951086350251709,0.7087214842506391,12439.588862211778,19193.672212655365,0.5443905248914933,0.2781206198803212,0.15560947510850665,0.4218793801196788,0.72,0.22666561494325152,0.8495170868061672,11943.351691581433,6102.0,1.8823044300079346,1
42.98050556333557,12387.135396081943,-13.402388054509728,-9.31442195047924,0.7900959007369047,12587.28980875501,16388.337990017117,0.6579122494371463,0.32263292155464984,0.04208775056285363,0.37736707844535017,0.72,0.2267910201517406,0.7973723508951823,13359.559402045634,6072.0,1.700730562210083,1
42.81171924914898,9914.989710846718,-13.120467164085884,-8.46874660240551,0.7093722936971949,14142.448652673713,17480.702006790747,0.4494069158673406,0.32499337701425446,0.25059308413265935,0.37500662298574555,0.72,0.22731948765094517,0.8607825085522413,12887.490165224233,6082.0,1.8740575313568115,1
43.12038892798137,10274.626136671528,-12.736585378591506,-8.279536594124693,0.9598827320247917,15534.337443973782,18454.659330966246,0.32160667272063054,0.54262371605286,0.3783933272793694,0.15737628394714004,0.72,0.22781352887842643,0.9801444091180247,15625.491738788356,6024.0,1.98073410987854,1
43.02322159657407,9271.300387922029,-12.99778840698374,-5.934218184193419,0.9457511813380031,11251.351174627582,18750.060782411176,0.4208425964106308,0.5073942335200385,0.27915740358936914,0.19260576647996147,0.72,0.22843562134539094,0.9892239735685183,12415.420928402833,6092.0,2.0406911373138428,1
42.839907685698904,8092.522025253016,-13.25183898504024,-5.2460897285595545,0.9681047848265528,13072.638403830497,15307.408584774645,0.24940521595884704,0.30660631471972133,0.45059478404115294,0.3933936852802787,0.72,0.2288438060124891,0.757612529315366,12887.490165224233,6082.0,1.9955377578735352,1
43.131412301896816,11259.811730165427,-12.96966279117433,-7.119814003442698,0.9715558970100926,13065.262895621974,16840.4805663602,0.5842250059505991,0.4730697467004817,0.11577499404940084,0.22693025329951833,0.72,0.2290307053104823,0.9098051530166296,11943.351691581433,6102.0,1.9512214660644531,1
43.14847935106523,8040.939717511961,-12.722990254837802,-6.273838291069827,0.8174021276572307,13190.789988809998,16780.87920456472,0.25673995489049684,0.26021471552359393,0.4432600451095031,0.4397852844764061,0.72,0.22947400257194803,0.9329460403512244,12887.490165224233,6082.0,2.0306668281555176,1
42.99214232328531,12722.64832926313,-13.148582350551607,-8.388918114161068,0.741486100448232,14191.801412120076,21792.876951844657,0.2170062623428391,0.5702226773890633,0.48299373765716086,0.12977732261093672,0.72,0.23087630955616534,0.9135955001448853,12887.490165224233,6082.0,1.8488609790802002,1
43.09211169832685,12866.35256023706,-13.12489056514669,-9.538642216373209,0.774792721626724,15789.083757511768,19139.441809982432,0.4755887791248646,0.5656032336292238,0.22441122087513538,0.1343967663707762,0.72,0.2309264315926844,0.9560877090952165,15625.491738788356,6024.0,1.829944372177124,1
42.81530688181986,8630.226441465056,-12.9863634400895,-6.968017623672418,0.8571447332347298,14415.31004233364,20922.6862271094,0.4882998555673236,0.5789195284633858,0.21170014443267637,0.1210804715366142,0.72,0.23092747774921032,0.8290540743372032,13831.628638867034,6062.0,2.0113935470581055,1
42.855485510191805,10085.264416980739,-12.796426515528099,-9.656255519666285,0.7638024120280091,15450.074053249577,21120.11739327937,0.6076704999775648,0.320236777047619,0.09232950002243512,0.379763222952381,0.72,0.23103803626432937,0.7680530077997789,7411.487018095987,6198.0,2.0194900035858154,1
43.10001809505553,9888.728609589993,-13.099950120488234,-5.01374861975695,0.9974088797461238,11409.964858328643,19463.36648596733,0.2807074699022688,0.4050905558276132,0.41929253009773115,0.2949094441723868,0.72,0.23148698181033098,0.8866131574240126,11093.627065302911,6120.0,2.0939502716064453,1
42.983323829279456,9401.150543985688,-12.811994801549917,-7.621840996225479,0.8916266667305311,11493.278368887273,14155.24920395214,0.4424927213679657,0.46824324477914503,0.25750727863203426,0.23175675522085498,0.72,0.23158590091500472,0.9199295324550281,10527.143981117231,6132.0,1.9907941818237305,1
42.930188853299455,9124.638504237373,-13.199345692489159,-4.792078164127785,0.9647023471085403,13655.551665482575,14854.08481895702,0.21935861049713606,0.3541377847285619,0.4806413895028639,0.3458622152714381,0.72,0.2316736482771684,0.8450702374251458,12415.420928402833,6092.0,2.0599329471588135,1
42.891886077380335,12282.301483257863,-13.338962240640582,-9.374191543413431,0.9816895074684395,15929.799587327114,20015.52615338312,0.24635327048241173,0.6114857360700345,0.4536467295175882,0.08851426392996546,0.72,0.2324418765201138,0.8565433547527647,15625.491738788356,6024.0,1.8013334274291992,1
43.1211870108822,9328.42053195074,-12.835291057995002,-6.433769972309956,0.878180337072175,12820.654941749373,15379.10595078292,0.4321635920752479,0.49437378744384564,0.26783640792475205,0.20562621255615438,0.72,0.2334553387690141,0.8921588436243687,11471.282454760032,6112.0,2.0600924491882324,1
42.89283619470987,9159.317558532668,-12.713872455634615,-9.069204026883817,0.7827025571440843,14592.137334320998,15759.441189723064,0.3554174508840519,0.350276875795991,0.34458254911594804,0.34972312420400903,0.72,0.23386372700810196,0.9130947679489704,9205.35011801731,6160.0,1.9794025421142578,1
43.09280648441966,12036.624336404842,-12.84578233379184,-9.739931570230253,0.9208008437069823,14087.250987939435,15931.498920741937,0.6347808469991976,0.5405252178095588,0.06521915300080239,0.15947478219044126,0.72,0.2350137519720181,0.9327973819036084,13359.559402045634,6072.0,1.906005620956421,1
43.12654300932724,9130.94444901031,-13.080151049912637,-4.432850647222069,0.9880678013568904,10767.294306113898,16792.033804443607,0.6188867846905141,0.31077924969296516,0.0811132153094859,0.38922075030703485,0.72,0.23513437803506812,0.8967429063171138,11093.627065302911,6120.0,2.1425111293792725,1
42.83779025891157,9396.670035956548,-13.067006374384537,-7.166145462656508,0.7515573148126095,15751.893423011314,18520.194293511093,0.3854688076315793,0.2665340135876173,0.31453119236842064,0.4334659864123827,0.72,0.23526776603954883,0.7873539206724246,15625.491738788356,6024.0,2.0135645866394043,1
42.881328606451845,11516.19871205503,-12.89696631105126,-8.957492020361553,0.7752978754952969,11917.173755587428,21845.684157034066,0.45387847785752145,0.4828096422028232,0.2461215221424785,0.21719035779717683,0.72,0.235308438990727,0.9921692578186344,12415.420928402833,6092.0,1.9450089931488037,1
42.82096424869103,8930.863378761032,-13.466630385292758,-4.523047662681079,0.776816401582733,14309.523837691531,19307.590473937766,0.3755029496330954,0.3652288995859264,0.32449705036690457,0.3347711004140736,0.72,0.2355093914723106,0.8126881663535402,13359.559402045634,6072.0,2.1178457736968994,1
42.867552637655564,10708.692858316143,-13.39689807626362,-5.866617952066989,0.9831841377587789,12560.77372998627,21208.842505205415,0.25898995467551866,0.2214788136878223,0.4410100453244813,0.4785211863121777,0.72,0.2360033768828158,0.9241079244249979,10149.48859166011,6140.0,1.914069652557373,1
42.82563609515864,8890.670718708681,-13.419239040561509,-5.411122309864959,0.9507763242750527,11118.731759167465,15754.174007384729,0.3939243736956698,0.49553880847691767,0.30607562630433016,0.20446119152308234,0.72,0.2384366238261353,0.8920108898229137,9205.35011801731,6160.0,1.910468339920044,1
43.00225052409166,11567.55005452776,-13.153732248818722,-7.074874641868275,0.9716967327537771,15706.920373759836,16753.52546219321,0.29410427981298987,0.46103713001381535,0.4058957201870101,0.23896286998618466,0.72,0.23989702495651236,0.7684903582205028,15625.491738788356,6024.0,1.9879894256591797,1
43.146933719235165,12236.937646840694,-13.107018964107906,-5.832196918255331,0.9223119971105627,14158.442102325647,19424.420880168553,0.3496632850271417,0.2937643117486353,0.35033671497285823,0.4062356882513647,0.72,0.2400468358561123,0.9273234587319574,11943.351691581433,6102.0,1.9879629611968994,1
43.08623557453546,11962.125501675893,-13.10695717384008,-5.7732502717994985,0.723477702305071,14548.126498901842,21694.66405753894,0.25098485187544306,0.6180578922959272,0.4490151481245569,0.08194210770407277,0.72,0.2400765073059566,0.938021512694458,16191.974822974036,6012.0,2.0749430656433105,1
42.84726778163792,10205.209398376966,-12.785835137031528,-9.78216594337315,0.9565491839452641,10979.068942384862,18057.989059693726,0.4546018573538069,0.20506466867072942,0.24539814264619303,0.49493533132927064,0.72,0.24046449734102995,0.9437459276571939,12037.765538945712,6100.0,1.9049580097198486,1
43.05022091124272,8344.694758662774,-13.02532789967088,-4.065532389746453,0.9840748685271942,10636.014955119657,17167.73842472295,0.38932204754170363,0.2648640534524528,0.3106779524582963,0.4351359465475472,0.72,0.2406751562043324,0.9235434673655054,13831.628638867034,6062.0,2.219181776046753,1
43.02190763160232,12202.624492897401,-13.38059226736882,-6.844889764190244,0.9050165629216818,12442.417909571639,15714.76215145108,0.43481341365870535,0.3303925637433355,0.2651865863412946,0.36960743625666453,0.72,0.24107655991741167,0.8001595579242587,13737.214791502754,6064.0,1.7880210876464844,1
42.99145567987222,12099.425609098504,-13.090955237269844,-7.152819464872655,0.9596295566866301,12318.243617587985,17167.301432325617,0.38294680717094975,0.4593508641473083,0.3170531928290502,0.2406491358526917,0.72,0.2415808521311978,0.7881947992592032,13831.628638867034,6062.0,1.9056799411773682,1
42.97015540822056,11708.451825225595,-13.305776811631343,-6.748907079329999,0.8978401825016434,15872.851926682248,19957.62635393908,0.2708785101674444,0.4376667256916551,0.42912148983255555,0.2623332743083449,0.72,0.2417492380271256,0.9510424544042659,15625.491738788356,6024.0,1.9039115905761719,1
42.87768328800647,8569.53627409511,-12.972548643266837,-5.314486053815321,0.9282858938551011,11897.652263109845,15642.078803721617,0.4721685070727732,0.47340673012025525,0.22783149292722676,0.22659326987974476,0.72,0.2419471845575405,0.9967396015229898,13359.559402045634,6072.0,2.237004041671753,1
43.08635760585122,11759.809227323045,-13.04443004924125,-6.005098248995516,0.891284635748919,12213.48461696946,18976.742991654457,0.4496898440534559,0.4031216866550904,0.25031015594654404,0.2968783133449096,0.72,0.2423346263443296,0.9439157963434769,12887.490165224233,6082.0,2.0317208766937256,1
42.8558225751163,11366.641537009775,-13.283511443843844,-8.362984139941256,0.7486539804831354,11994.262810216987,16650.008482490626,0.4725074070213616,0.29520975233317476,0.22749259297863833,0.40479024766682525,0.72,0.24234849052933596,0.8961113264224863,12887.490165224233,6082.0,1.7862658500671387,1
42.98048068888112,11872.677590553905,-13.031256935460515,-7.047317978971838,0.984754919561549,14396.484808384,19687.878381704802,0.5643357701166082,0.44897036587028516,0.13566422988339177,0.25102963412971485,0.72,0.2426812487826848,0.9334615222466096,10621.557828481511,6130.0,2.0667879581451416,1
42.92576866188718,10195.48780651188,-13.355726321300047,-5.460904794127954,0.7471033972455375,14669.815568506368,20384.062839076687,0.6479605784330731,0.20971139402937022,0.05203942156692687,0.4902886059706298,0.72,0.24307984740958236,0.8395220738021906,13831.628638867034,6062.0,2.0649619102478027,1
42.892242381936946,9713.440901889157,-12.980718720650287,-7.013817223155364,0.7279654638002381,10438.247648570554,15485.261564938963,0.31453108794333423,0.5041503784856824,0.3854689120566657,0.19584962151431756,0.72,0.24318020663721845,0.8534420796216434,11943.351691581433,6102.0,2.021169900894165,1
42.935950050854544,9183.548173463641,-13.03815560227938,-5.4574714212203785,0.7121767658513587,10523.696419689823,14379.555932058827,0.37345897465860556,0.4504607750052246,0.3265410253413944,0.24953922499477543,0.72,0.24331286331750027,0.9073231396892363,24878.048780487807,5828.0,2.0399465560913086,1
43.00453125864891,9610.289400054851,-13.150987261575493,-4.2116344032693425,0.7141957421656943,11647.80011464244,19390.56304213685,0.6276963977488288,0.20274519956772735,0.07230360225117116,0.4972548004322726,0.72,0.2444522377107966,0.9569663481891719,13359.559402045634,6072.0,2.2122888565063477,1
42.97792045694339,11661.595577576758,-12.935640535012338,-8.582394536330018,0.7849917517560476,12544.102588941807,16221.583443705673,0.4200458593579759,0.39548030696415293,0.27995414064202406,0.3045196930358471,0.72,0.245005589012299,0.8697775519182861,9677.41935483871,6150.0,1.9353303909301758,1
42.96989786313294,10233.582311559472,-12.769752724279748,-8.1296757676581,0.9924799431202949,11681.270383419962,14144.084775673336,0.6679726174340067,0.22567474835989088,0.032027382565993245,0.47432525164010914,0.72,0.24601635075574257,0.9353876679495269,12887.490165224233,6082.0,2.0023109912872314,1
42.86310900609831,11067.969688580555,-13.317250822626058,-6.446757101890313,0.8137797851758819,11120.477306018738,15104.837902949988,0.34211636187637284,0.21491605400649255,0.3578836381236271,0.4850839459935075,0.72,0.24741410982856277,0.7364769938921654,10149.48859166011,6140.0,1.8471693992614746,1
42.84219000754698,9747.160072168093,-13.182419971039838,-5.415306771315793,0.7112940870310394,11049.805675694375,15962.353941493297,0.3650494466017885,0.4405419853643286,0.33495055339821145,0.2594580146356714,0.72,0.2474519227955971,0.8613538158758074,11093.627065302911,6120.0,2.0429515838623047,1
42.87017792583008,8841.882640716687,-13.144726768525183,-4.9151074755268205,0.9583370342118188,10698.553672012456,16342.945626751829,0.6307244621937205,0.2582323397662596,0.06927553780627949,0.4417676602337404,0.72,0.2475045557128018,0.9482372270358749,11093.627065302911,6120.0,2.1387999057769775,1
43.11842774075139,9081.946543414873,-12.704577060867326,-6.371507720226455,0.7253034683314934,10391.66340687196,14599.37357007575,0.5539356483745712,0.6047896011636926,0.14606435162542875,0.09521039883630737,0.72,0.24752843417314685,0.9348717988555248,9205.35011801731,6160.0,2.121610403060913,1
42.804043066427575,10309.814317896049,-13.348180406432576,-6.423544651761139,0.8246217310006358,13673.285545636958,17574.733766568253,0.31436686861160845,0.3299984750912863,0.3856331313883915,0.3700015249087137,0.72,0.24820684723022546,0.8011731821844811,13359.559402045634,6072.0,1.9010136127471924,1
42.812830245745346,8607.9053537956,-12.886322910448396,-5.488962869793346,0.7686209047002881,12722.682794431386,18206.79914084783,0.2064529793943052,0.24139233430303364,0.4935470206056948,0.45860766569696637,0.72,0.2484229803727772,0.9321424829680163,13831.628638867034,6062.0,2.301503896713257,1
42.90543966630619,9551.812956439315,-12.726588829086372,-7.364726924594773,0.8341376650731511,13313.996501444197,17276.01869491511,0.5316029387584486,0.41616771138377895,0.1683970612415514,0.28383228861622106,0.72,0.2484387323094483,0.9654227320652292,29881.982690794648,5722.0,2.1645796298980713,1
42.80206762221679,10638.886542753444,-13.396332606369484,-7.912630674257493,0.7853614073370857,14229.619378598714,16281.30369772988,0.3285220885116013,0.2156121368679843,0.37147791148839865,0.4843878631320157,0.72,0.24847185848177356,0.6173556966959227,5523.210070810385,6238.0,1.8272278308868408,1
42.964193162333295,12743.310337574843,-12.983354983748592,-8.633368029298607,0.9702932437410949,13344.174060326935,14557.954950285965,0.622149868270182,0.4377487741071636,0.07785013172981792,0.2622512258928364,0.72,0.24908688206926452,0.8218890139683432,12509.834775767113,6090.0,1.884552001953125,1
43.03729307446816,12812.470423963288,-13.0789869781024,-8.692694171245073,0.7973699277755529,14056.707709626282,19870.182811817584,0.28847851340020636,0.29129469643917144,0.4115214865997936,0.40870530356082857,0.72,0.24958718257639492,0.8913325954342355,12415.420928402833,6092.0,1.854363203048706,1
43.00836647799967,8744.550129268455,-12.977876598422847,-4.552961973087145,0.7476206137009448,14952.250519220546,21201.727009002276,0.5666278320427158,0.5696877497426536,0.13337216795728413,0.13031225025734644,0.72,0.249791978546573,0.9282840929228012,17041.699449252555,5994.0,2.4129066467285156,1
42.9194018980525,9079.523166305771,-12.787191647593417,-6.363790445210775,0.7623282440549566,12907.117125663864,17335.436851658527,0.5180116824391434,0.6467100002589026,0.18198831756085654,0.053289999741097424,0.72,0.25008704325916714,0.9882337745509522,10621.557828481511,6130.0,2.222733736038208,1
42.84865177747929,12039.16954853141,-12.958259230669341,-8.83097388111165,0.8944281790844549,12901.069846022086,17514.800494849802,0.2672738980834333,0.45915213792258264,0.43272610191656663,0.24084786207741737,0.72,0.2509507471979854,0.8433761122427387,12887.490165224233,6082.0,1.9262990951538086,1
42.84751824755409,9913.899235700712,-13.394423572069627,-4.933292081145292,0.9394202747270948,12280.651703671123,15797.994055196634,0.6104803244840418,0.3728874629452651,0.08951967551595819,0.3271125370547349,0.72,0.2514808703680875,0.8484599427120564,12887.490165224233,6082.0,2.0256118774414062,1
43.08091656766025,12827.732057277863,-12.968045584405921,-8.384435639887924,0.8731030716972356,14672.613120389318,16847.924709656483,0.4072103432961326,0.6218770908335911,0.29278965670386736,0.07812290916640889,0.72,0.25161716260383676,0.880808263396143,12037.765538945712,6100.0,1.9692044258117676,1
42.818382920914786,9024.447924476846,-12.811169130986594,-6.818422720290308,0.9072780629092037,11158.55981835809,20486.98148526507,0.5581832777887179,0.339948108098967,0.14181672221128205,0.36005189190103304,0.72,0.25252138404692026,0.9371668341381308,13359.559402045634,6072.0,2.161125659942627,1
43.050501820629464,12711.73317335476,-13.200475855792329,-6.6635772313198975,0.8446110435817944,14170.330500021526,16254.7551352295,0.5452302212796791,0.2701499770864634,0.15476977872032083,0.42985002291353663,0.72,0.25403410368052326,0.8020780015690163,15153.422501966956,6034.0,1.9435176849365234,1
43.08750910621674,8868.567314168127,-12.864868159479895,-4.403472736945288,0.7191219851934286,15439.625502222016,20324.166059752115,0.35088188141277377,0.46495319130998314,0.3491181185872262,0.23504680869001687,0.72,0.25511102140692404,0.9779066709786486,11943.351691581433,6102.0,2.4501993656158447,1
42.89944601086734,10290.650312023527,-13.233919079731816,-4.296432689558982,0.8379340699892839,10818.606772406903,14797.183958880287,0.24389385775191827,0.5386443379666253,0.45610614224808166,0.16135566203337476,0.72,0.2553984661263908,0.8573978693922373,9677.41935483871,6150.0,2.116180658340454,1
42.88755986848176,12381.973753754395,-13.252342571176019,-8.798375019459142,0.7254575330664803,13069.186819825885,17605.9007025463,0.6507872867618858,0.43230129359651814,0.04921271323811416,0.26769870640348187,0.72,0.2563726399874706,0.8814206674646896,12887.490165224233,6082.0,1.8333194255828857,1
42.85793602554076,11292.63741425382,-12.706483745016321,-8.587148977589472,0.9716852191202463,11671.699355249035,19183.1993610024,0.22429937116002063,0.44782698728809445,0.4757006288399793,0.25217301271190556,0.72,0.25700519133526806,0.9177395656626409,15153.422501966956,6034.0,2.047478437423706,1
42.87391430352443,11320.051494674644,-13.00671386803407,-7.3598614360347,0.9007040809079325,13994.51794861729,19242.67912052528,0.6571896581684866,0.21186418750165076,0.04281034183151333,0.4881358124983493,0.72,0.2585232932339993,0.8939870445821114,15153.422501966956,6034.0,2.085705518722534,1
42.95186045846692,11352.001232091156,-13.343025613018565,-4.732426860245359,0.7645237083331602,14772.153914270802,18381.486905933074,0.5177785465888247,0.6675187074902669,0.18222145341117524,0.032481292509733126,0.72,0.2592185454482754,0.9511634569722293,14775.767112509835,6042.0,2.1029107570648193,1
42.987815282735305,12143.239239634977,-13.388918890599337,-4.540376962495232,0.8594284516516211,13516.656303486197,18081.330346382136,0.2216149441017599,0.44854533090329907,0.4783850558982401,0.25145466909670094,0.72,0.2598902720073588,0.8995172208303103,10621.557828481511,6130.0,2.0012121200561523,1
42.90207311723772,12504.689842048487,-13.210723374021567,-6.927250618430017,0.7326240292925484,13420.413320658821,15257.049768127203,0.3136245525464155,0.2440444648409714,0.38637544745358443,0.4559555351590286,0.72,0.2615351246511408,0.8168171192354432,9205.35011801731,6160.0,1.9205057621002197,1
42.876614085696346,8896.453132615621,-12.893509165020047,-4.865182350622453,0.9802764956800782,10356.552789646805,19334.78286425427,0.6194535059298742,0.5205866806636539,0.08054649407012571,0.17941331933634613,0.72,0.2623202505278038,1.0,13265.145554681354,6074.0,2.431948661804199,1
43.000195761839194,10869.072575475988,-12.91649315681094,-6.067005068284696,0.8295169613297674,13370.566374806953,19642.348747266005,0.25382751385770047,0.23246656479381242,0.4461724861422995,0.46753343520618756,0.72,0.2626699991492821,0.9401914650405471,12415.420928402833,6092.0,2.1781928539276123,1
42.89998546636472,11916.93218498411,-13.207152181555678,-8.843905362287433,0.7285758039829751,13874.580704015243,20206.812763524475,0.21140173135254597,0.27368560645356343,0.488598268647454,0.4263143935464366,0.72,0.26401082626232825,0.8709009403869722,16097.560975609756,6014.0,1.8587734699249268,1
43.049200359391214,11639.36856511301,-12.767738777848031,-6.888516445891879,0.7964867014657737,14966.444019160122,20166.482254659142,0.5001893686516823,0.5839286878169054,0.19981063134831767,0.11607131218309456,0.72,0.26535042090249605,0.9944223332530272,17513.768686073956,5984.0,2.2585501670837402,1
42.90784443671269,12509.773450908971,-12.834910299293577,-7.767977459682046,0.8727500855745411,13404.16335408435,20629.900313549697,0.34177406091017937,0.3481937443965062,0.3582259390898206,0.3518062556034938,0.72,0.26780718711174833,0.9548149558421037,12887.490165224233,6082.0,2.1108286380767822,1
42.80787629707585,12635.844475683065,-12.836985981747999,-9.919614189723731,0.8942414718003019,13566.791574542596,15082.425229687577,0.23550859925287335,0.6666853607522328,0.4644914007471266,0.03331463924776716,0.72,0.2692183551016754,0.9395656542839327,10621.557828481511,6130.0,1.9897897243499756,1
43.13056353161947,11694.302622283865,-12.842491421278577,-5.6931633079632995,0.8384707701581675,11975.51562636764,18654.206595479754,0.27685300838166094,0.4728730693211006,0.423146991618339,0.22712693067889939,0.72,0.27039129583536725,0.9176036569085827,16097.560975609756,6014.0,2.19999361038208,1
42.92029852694897,12746.264070529143,-13.240700628318864,-6.617164611893639,0.7772162727083843,13720.67577368404,17736.33880106588,0.4223769569033798,0.30184467454008995,0.27762304309662017,0.39815532545991006,0.72,0.27257192955539583,0.9073711129686097,9205.35011801731,6160.0,1.920884132385254,1
42.98363807624759,12621.413700589364,-13.368384106836487,-4.059202667050082,0.8932308356239598,13105.165084580713,17674.90126996594,0.23193122139627284,0.6624667455037963,0.4680687786037271,0.03753325449620375,0.72,0.27456003532696466,0.9372604938242499,13831.628638867034,6062.0,2.062244415283203,1
42.84340693535846,9963.627069562148,-13.249339671124416,-4.91899734993321,0.8136527670919326,14929.331395833357,17539.116751207563,0.652100338067366,0.26764096425559497,0.04789966193263395,0.43235903574440504,0.72,0.2753456700790432,0.926915374271004,15153.422501966956,6034.0,2.195052146911621,1
42.93545599046846,12100.52372391849,-13.294659286286265,-5.528312967072567,0.7221136207334955,14594.434645090365,20336.185942638185,0.44101926530148927,0.5612389115837352,0.2589807346985107,0.13876108841626483,0.72,0.2756127703983043,0.9305525833507317,12415.420928402833,6092.0,2.0482115745544434,1
42.99415183342054,8101.293800088731,-12.826206201663071,-4.158015560959969,0.8960214436010927,13962.713430960215,18223.838862645665,0.4005640470286291,0.27448891208976056,0.2994359529713709,0.42551108791023945,0.72,0.2764234868605095,1.0,15153.422501966956,6034.0,2.4709644317626953,1
43.027368473270776,11596.636413701392,-12.703388491511493,-7.726400508625192,0.8515526752166644,14875.602157367844,20615.06941112834,0.669341827060725,0.3792454756117942,0.030658172939274975,0.3207545243882058,0.72,0.27739993724674533,0.9981514097022284,17041.699449252555,5994.0,2.3239965438842773,1
42.8601431456677,11881.870626268877,-13.10242829043372,-6.670535671110464,0.986117156391725,15479.540049962201,18769.388139562077,0.26862721545788965,0.28746341140542053,0.4313727845421103,0.4125365885945795,0.72,0.2786271075215595,0.9524183367878002,13359.559402045634,6072.0,2.108842372894287,1
42.824731179965276,12555.049475942218,-13.468209857601336,-6.2043324731805285,0.863476277897422,14913.626667545896,20570.034115666203,0.22441849654388657,0.3337388370103813,0.4755815034561134,0.3662611629896187,0.72,0.28161689247259375,0.8970469395063185,17985.837922895356,5974.0,1.9060616493225098,1
42.84986032529949,11316.5763968635,-13.087312449611103,-6.860992235533724,0.9773857535449653,13720.485439919574,16488.51068083672,0.44003993385072565,0.26674791754592564,0.2599600661492743,0.43325208245407437,0.72,0.2828407551863989,0.8426751596470872,12887.490165224233,6082.0,2.028280258178711,1
43.028470991821436,11171.049830275986,-12.773066020381748,-5.554230979628946,0.9281909142974936,12233.194271274413,18327.438976795027,0.23974947826342918,0.2955545582554367,0.4602505217365708,0.4044454417445633,0.72,0.28578460883681184,0.9946328940986033,17985.837922895356,5974.0,2.256817579269409,1
42.89765343119494,12795.852695335241,-12.789855058727998,-8.301189541674933,0.9450844192768441,14115.203815412911,18094.579111238058,0.4537496858257249,0.6077513779627284,0.24625031417427506,0.09224862203727162,0.72,0.28790749031350243,0.8664003674807061,28088.119590873328,5760.0,2.1204206943511963,1
43.06920213205048,12382.01528590334,-13.01448378921985,-5.3903177836271485,0.8495575422947863,15699.551400901626,17543.505398986123,0.5851258344190806,0.5373534172531755,0.11487416558091934,0.16264658274682448,0.72,0.29099858328970435,0.8936595666473947,8261.211644374509,6180.0,2.2550277709960938,1
42.87323498085535,12014.371798240576,-13.18528762375648,-4.719280889334161,0.7958697306255208,12115.454001305385,14075.45339295732,0.26243689083941085,0.5749385108095655,0.4375631091605891,0.12506148919043453,0.72,0.2912143184027515,0.8699363590437468,25727.773406766326,5810.0,2.0876007080078125,1
43.08935022186076,12545.25509899142,-12.75431179214771,-6.614222765023681,0.8326445672393485,14231.440352751028,20706.588730367253,0.5377893452398264,0.5499905109111306,0.1622106547601736,0.1500094890888694,0.72,0.2943711765085206,0.9944511490920034,19307.63178599528,5946.0,2.24927020072937,1
42.83418226398311,8964.880321010334,-12.910201469246308,-4.339296196912646,0.8405169577788175,12643.008621954858,15210.53269129026,0.38267745301162903,0.6447966615376532,0.3173225469883709,0.05520333846234675,0.72,0.29617152130985486,0.9424062219919717,28088.119590873328,5760.0,2.476008176803589,1
42.83038015517275,8221.98648455295,-12.701859642104141,-4.783257260591865,0.9648542510398612,15707.679685639705,17506.530475315903,0.3721013328080913,0.2650124975089515,0.32789866719190863,0.4349875024910485,0.72,0.30296925511598016,1.0,14681.353265145555,6044.0,2.653656005859375,1
43.12168049478899,12374.11577137027,-12.767153334958538,-4.898425689184123,0.9893743613308934,12792.999983014344,14379.787979464754,0.25013721928908694,0.3951380708861716,0.449862780710913,0.3048619291138284,0.72,0.3043765934898245,0.9966209682509477,20723.83949645948,5916.0,2.3657312393188477,1
42.84906290977116,12798.406095870636,-13.024189997219917,-6.1500375678204575,0.9129779134427746,14224.713342127485,20558.488865485506,0.4900811908086185,0.4666792937573505,0.20991880919138145,0.2333207062426495,0.72,0.30489329237154744,0.9398232029211798,13359.559402045634,6072.0,2.1573486328125,1
42.9336538247423,12351.217461807846,-12.755251044221538,-5.627696201163329,0.7209156975521556,12624.259168536508,17128.358384299383,0.4006854923533213,0.43519876390773093,0.29931450764667866,0.2648012360922691,0.72,0.31716968517004224,0.9414126999358386,18835.56254917388,5956.0,2.3376073837280273,1
42.8058028758407,10267.191626229152,-12.872449715646047,-4.621879097155146,0.9431963354962758,14116.836033596584,15136.646467202692,0.6252401951445142,0.3409478126527289,0.07475980485548572,0.3590521873472711,0.72,0.31807693760247713,1.0,13265.145554681354,6074.0,2.521268844604492,1
42.90811324362051,12062.86573355291,-12.93682545846455,-5.125102285634611,0.8818414917201988,13604.249169039187,16962.76559780029,0.4230241354825436,0.5143558316371348,0.27697586451745637,0.18564416836286518,0.72,0.3183037171020454,0.8748405623507942,26671.911880409127,5790.0,2.291205644607544,1
42.84519771609437,12081.785362879136,-12.926354426847563,-5.450202739218177,0.8176127385585569,15125.215040169953,17312.220657058897,0.5423054917673549,0.20032115184993687,0.15769450823264508,0.4996788481500632,0.72,0.32209638162985615,0.9196155304721917,14775.767112509835,6042.0,2.3343372344970703,1
42.81582859358394,12653.840322476517,-12.992807610256726,-6.08195324642632,0.7545412158421262,14722.24969067899,21596.89430554184,0.5518556632564817,0.21493625223135573,0.14814433674351823,0.4850637477686443,0.72,0.32448970350000866,0.9057736571171311,18363.49331235248,5966.0,2.2050719261169434,1
42.85210102175619,11267.6351591371,-12.9504214804474,-4.464342445876922,0.9616582325527029,15542.78023300067,19927.601808638385,0.4865497235145291,0.3866219372597214,0.21345027648547088,0.31337806274027863,0.72,0.34995800164760904,0.9664305661124675,16097.560975609756,6014.0,2.5595598220825195,1
