wavelength_angstrom,flux_erg_s_cm2_angstrom,error
1.669578e+03,-3.227538e-13,5.701975e-14
1.670947e+03,8.367924e-14,2.104412e-14
1.672316e+03,1.303964e-13,2.292743e-14
1.673685e+03,1.114869e-13,2.315896e-14
1.675054e+03,7.346155e-14,1.834268e-14
1.676423e+03,5.455089e-14,1.741868e-14
1.677792e+03,1.296875e-14,1.643651e-14
1.679162e+03,1.053776e-13,1.699634e-14
1.680531e+03,5.236586e-14,1.572419e-14
1.681900e+03,-6.894475e-15,1.489823e-14
1.683269e+03,4.080551e-14,1.517298e-14
1.684639e+03,2.253164e-14,1.384857e-14
1.686008e+03,2.005790e-14,1.613507e-14
1.687377e+03,3.873946e-14,1.337877e-14
1.688746e+03,9.081791e-14,1.389362e-14
1.690116e+03,6.207907e-14,1.383292e-14
1.691485e+03,3.750692e-14,1.215096e-14
1.692854e+03,4.597936e-14,1.202810e-14
1.694224e+03,2.714399e-14,1.157292e-14
1.695593e+03,7.546417e-14,1.179601e-14
1.696962e+03,2.807997e-14,1.119108e-14
1.698332e+03,5.848088e-14,1.149746e-14
1.699701e+03,-9.154159e-15,1.252672e-14
1.701071e+03,6.795930e-14,1.114535e-14
1.702440e+03,-2.116639e-14,1.242181e-14
1.703810e+03,2.243942e-14,1.093329e-14
1.705179e+03,6.646395e-14,1.061289e-14
1.706549e+03,-6.695110e-14,2.232719e-14
1.707918e+03,7.358550e-15,9.578164e-15
1.709288e+03,6.461514e-14,9.887471e-15
1.710657e+03,2.954953e-14,9.371467e-15
1.712027e+03,1.702107e-14,8.983045e-15
1.713396e+03,-1.542225e-14,1.089121e-14
1.714766e+03,6.402868e-15,1.044321e-14
1.716136e+03,2.409594e-14,8.700946e-15
1.717505e+03,5.312363e-14,9.076791e-15
1.718875e+03,5.243650e-14,9.009505e-15
1.720245e+03,-4.315150e-15,8.098865e-15
1.721614e+03,6.748087e-15,9.283352e-15
1.722984e+03,1.938247e-14,8.077875e-15
1.724354e+03,4.933134e-14,9.323056e-15
1.725723e+03,-1.086262e-13,1.592131e-14
1.727093e+03,5.717351e-14,8.423060e-15
1.728463e+03,6.794961e-14,8.366391e-15
1.729833e+03,7.116423e-14,8.403932e-15
1.731202e+03,3.259335e-14,7.543044e-15
1.732572e+03,3.233669e-14,7.603703e-15
1.733942e+03,2.227074e-14,7.890964e-15
1.735312e+03,-2.642789e-15,7.047309e-15
1.736682e+03,1.775195e-14,7.217938e-15
1.738052e+03,2.186844e-14,6.986392e-15
1.739421e+03,1.028725e-14,6.876957e-15
1.740791e+03,1.878831e-14,7.083508e-15
1.742161e+03,-1.891521e-14,9.217488e-15
1.743531e+03,4.411318e-14,7.172921e-15
1.744901e+03,4.932632e-14,7.036798e-15
1.746271e+03,5.766193e-14,7.032322e-15
1.747641e+03,5.897854e-15,7.199019e-15
1.749011e+03,4.810597e-14,6.619385e-15
1.750381e+03,5.301090e-14,6.927015e-15
1.751751e+03,2.311722e-14,7.011417e-15
1.753121e+03,5.152650e-15,6.364773e-15
1.754491e+03,-1.183052e-14,5.878976e-15
1.755861e+03,6.204006e-16,5.822994e-15
1.757231e+03,-1.575957e-15,6.132565e-15
1.758601e+03,-3.827791e-15,6.019446e-15
1.759971e+03,1.149536e-14,7.486727e-15
1.761342e+03,3.610694e-14,7.444950e-15
1.762712e+03,3.418232e-14,6.640092e-15
1.764082e+03,4.162467e-14,6.247606e-15
1.765452e+03,-4.965153e-15,5.810118e-15
1.766822e+03,2.660129e-14,5.805988e-15
1.768192e+03,2.329986e-14,6.343810e-15
1.769563e+03,4.803957e-14,5.948907e-15
1.770933e+03,5.515383e-14,5.844918e-15
1.772303e+03,3.080041e-14,5.505197e-15
1.773673e+03,-2.688299e-14,5.955261e-15
1.775044e+03,3.704815e-14,5.423658e-15
1.776414e+03,4.992440e-14,5.675295e-15
1.777784e+03,2.009693e-14,5.090935e-15
1.779155e+03,1.602000e-14,5.018263e-15
1.780525e+03,3.796408e-14,5.223908e-15
1.781895e+03,-1.275132e-14,5.329400e-15
1.783266e+03,1.111886e-14,4.866853e-15
1.784636e+03,5.795677e-14,5.725822e-15
1.786006e+03,-4.848058e-15,4.994718e-15
1.787377e+03,1.851077e-14,5.044367e-15
1.788747e+03,3.557427e-14,4.945318e-15
1.790118e+03,1.010660e-14,4.829449e-15
1.791488e+03,2.913098e-14,5.407997e-15
1.792858e+03,5.024742e-14,5.120232e-15
1.794229e+03,3.943156e-15,4.456098e-15
1.795599e+03,1.679961e-14,4.548121e-15
1.796970e+03,-1.869178e-14,6.134921e-15
1.798340e+03,2.661012e-14,4.572600e-15
1.799711e+03,4.446950e-14,4.892918e-15
1.801081e+03,2.450318e-14,4.445076e-15
1.802452e+03,2.134358e-14,4.403988e-15
1.803823e+03,-1.118642e-17,4.246774e-15
1.805193e+03,-1.891380e-16,4.491766e-15
1.806564e+03,4.472030e-14,4.650133e-15
1.807934e+03,1.109695e-14,4.228902e-15
1.809305e+03,-2.539704e-14,5.566094e-15
1.810676e+03,2.380185e-14,4.096149e-15
1.812046e+03,2.358636e-14,4.135782e-15
1.813417e+03,2.890107e-14,4.299425e-15
1.814788e+03,2.880651e-14,4.453623e-15
1.816158e+03,2.360494e-14,4.038009e-15
1.817529e+03,2.014793e-14,3.933292e-15
1.818900e+03,4.195929e-14,4.303635e-15
1.820270e+03,2.501894e-14,3.953941e-15
1.821641e+03,2.232289e-14,3.909255e-15
1.823012e+03,1.188041e-14,3.891047e-15
1.824383e+03,2.277777e-14,3.787286e-15
1.825753e+03,4.557030e-14,4.258786e-15
1.827124e+03,3.123356e-14,3.882223e-15
1.828495e+03,3.546576e-14,3.951711e-15
1.829866e+03,3.713297e-14,3.991365e-15
1.831237e+03,8.601751e-15,3.894296e-15
1.832608e+03,2.377850e-14,3.794742e-15
1.833978e+03,2.888014e-14,3.774856e-15
1.835349e+03,2.721111e-14,3.673664e-15
1.836720e+03,3.314712e-14,3.802909e-15
1.838091e+03,2.617759e-14,3.734932e-15
1.839462e+03,4.081748e-14,3.862001e-15
1.840833e+03,2.058057e-14,3.578131e-15
1.842204e+03,3.965606e-14,3.969758e-15
1.843575e+03,2.672116e-14,3.893043e-15
1.844946e+03,4.253668e-14,3.885157e-15
1.846317e+03,2.867072e-14,3.914998e-15
1.847688e+03,1.255297e-14,3.526862e-15
1.849059e+03,3.031419e-14,3.554368e-15
1.850430e+03,4.425399e-14,3.831852e-15
1.851801e+03,8.227303e-15,3.190732e-15
1.853172e+03,3.675180e-14,3.568425e-15
1.854543e+03,3.745899e-14,3.568374e-15
1.855914e+03,3.389041e-14,3.586317e-15
1.857285e+03,4.107266e-14,3.546898e-15
1.858656e+03,5.005097e-14,3.860724e-15
1.860027e+03,1.253361e-14,3.078277e-15
1.861398e+03,3.312301e-14,3.474902e-15
1.862769e+03,2.746067e-14,3.253102e-15
1.864141e+03,1.461204e-14,4.330626e-15
1.865512e+03,2.649437e-14,3.258927e-15
1.866883e+03,2.984419e-14,3.193229e-15
1.868254e+03,2.169568e-14,3.094986e-15
1.869625e+03,5.152783e-14,3.736225e-15
1.870996e+03,2.978641e-14,3.236371e-15
1.872368e+03,2.393251e-14,3.587625e-15
1.873739e+03,3.294643e-14,3.272369e-15
1.875110e+03,4.341215e-14,3.518818e-15
1.876481e+03,4.187072e-14,3.322186e-15
1.877853e+03,2.450402e-14,3.191254e-15
1.879224e+03,3.651785e-14,3.349755e-15
1.880595e+03,3.474241e-14,3.571781e-15
1.881967e+03,4.583067e-14,3.334910e-15
1.883338e+03,3.970942e-14,3.944632e-15
1.884709e+03,3.788205e-14,3.104868e-15
1.886080e+03,2.135365e-14,3.297948e-15
1.887452e+03,4.004353e-14,3.096824e-15
1.888823e+03,4.097959e-14,3.104369e-15
1.890195e+03,2.466263e-14,2.879005e-15
1.891566e+03,4.865665e-14,3.239690e-15
1.892937e+03,4.848876e-14,3.220344e-15
1.894309e+03,4.841622e-14,3.210974e-15
1.895680e+03,4.087833e-14,3.038330e-15
1.897052e+03,4.662565e-14,4.283451e-15
1.898423e+03,3.473689e-14,2.936443e-15
1.899794e+03,4.581756e-14,3.085557e-15
1.901166e+03,4.907560e-14,3.330730e-15
1.902537e+03,3.034417e-14,2.764360e-15
1.903909e+03,3.521958e-14,2.889367e-15
1.905280e+03,3.360492e-14,2.906893e-15
1.906652e+03,1.991486e-14,2.825667e-15
1.908023e+03,4.120994e-14,2.873311e-15
1.909395e+03,3.962788e-14,3.473375e-15
1.910767e+03,4.460977e-14,3.197663e-15
1.912138e+03,2.512213e-14,2.948588e-15
1.913510e+03,4.710651e-14,3.221304e-15
1.914881e+03,3.085589e-14,2.661855e-15
1.916253e+03,1.145261e-14,2.669485e-15
1.917624e+03,2.928984e-14,2.711180e-15
1.918996e+03,5.135793e-14,3.100755e-15
1.920368e+03,3.911744e-14,2.792379e-15
1.921739e+03,4.739839e-14,2.944743e-15
1.923111e+03,-2.196525e-14,4.528668e-15
1.924483e+03,3.801163e-14,3.089189e-15
1.925854e+03,3.667332e-14,3.072524e-15
1.927226e+03,3.223911e-14,2.557594e-15
1.928598e+03,3.703690e-14,2.766452e-15
1.929969e+03,4.338355e-14,2.937410e-15
1.931341e+03,3.685925e-14,2.683490e-15
1.932713e+03,3.845326e-14,2.605788e-15
1.934085e+03,3.008579e-14,2.451629e-15
1.935456e+03,3.406712e-14,2.556855e-15
1.936828e+03,2.545901e-14,2.397697e-15
1.938200e+03,3.314138e-14,2.460525e-15
1.939572e+03,2.253781e-14,2.294825e-15
1.940943e+03,1.860343e-14,2.240194e-15
1.942315e+03,3.760533e-14,2.538570e-15
1.943687e+03,3.764803e-14,2.886951e-15
1.945059e+03,-4.607912e-15,6.868896e-15
1.946431e+03,3.084718e-14,2.353054e-15
1.947802e+03,2.512629e-14,2.412626e-15
1.949174e+03,2.650511e-14,2.458646e-15
1.950546e+03,3.233091e-14,2.720865e-15
1.951918e+03,3.192346e-14,2.805143e-15
1.953290e+03,1.781307e-14,2.621381e-15
1.954662e+03,3.775597e-14,2.841528e-15
1.956034e+03,3.768126e-14,2.712092e-15
1.957406e+03,2.915410e-14,2.679781e-15
1.958778e+03,3.023018e-14,2.254679e-15
1.960149e+03,3.697858e-14,2.386041e-15
1.961521e+03,3.856099e-14,2.563299e-15
1.962893e+03,3.322871e-14,2.265017e-15
1.964265e+03,3.394894e-14,2.309887e-15
1.965637e+03,6.104609e-14,3.276299e-15
1.967009e+03,3.145414e-14,2.189665e-15
1.968381e+03,4.300261e-14,2.473005e-15
1.969753e+03,2.756507e-14,2.147070e-15
1.971125e+03,4.136450e-14,2.531314e-15
1.972497e+03,3.262666e-14,2.539485e-15
1.973869e+03,1.846108e-14,1.939560e-15
1.975241e+03,3.109314e-14,2.309271e-15
1.976613e+03,2.371398e-14,2.316298e-15
1.977986e+03,3.335230e-14,2.169691e-15
1.979358e+03,2.886841e-14,2.095737e-15
1.980730e+03,2.509688e-14,2.086553e-15
1.982102e+03,3.547430e-14,2.189940e-15
1.983474e+03,3.157646e-14,2.098826e-15
1.984846e+03,3.319287e-14,2.230611e-15
1.986218e+03,2.759956e-14,1.996917e-15
1.987590e+03,3.791592e-14,2.192374e-15
1.988962e+03,3.097004e-14,1.999746e-15
1.990335e+03,2.925985e-14,2.254731e-15
1.991707e+03,3.774309e-14,2.445808e-15
1.993079e+03,3.710938e-14,2.204752e-15
1.994451e+03,2.622922e-14,1.902139e-15
1.995823e+03,3.386744e-14,2.019876e-15
1.997195e+03,4.132984e-14,2.296786e-15
1.998568e+03,3.130269e-14,2.291929e-15
1.999940e+03,3.111047e-14,2.087349e-15
2.001312e+03,3.122246e-14,2.210633e-15
2.002684e+03,3.560317e-14,2.051837e-15
2.004057e+03,3.593300e-14,2.031791e-15
2.005429e+03,3.697570e-14,2.026247e-15
2.006801e+03,3.736900e-14,2.056387e-15
2.008173e+03,3.500240e-14,1.980942e-15
2.009546e+03,3.939909e-14,2.068167e-15
2.010918e+03,4.088652e-14,2.057151e-15
2.012290e+03,4.183264e-14,2.084741e-15
2.013663e+03,3.878282e-14,2.200110e-15
2.015035e+03,4.182948e-14,2.312301e-15
2.016407e+03,4.064401e-14,2.391232e-15
2.017780e+03,4.338217e-14,2.065481e-15
2.019152e+03,4.235451e-14,2.067031e-15
2.020524e+03,4.180546e-14,2.030011e-15
2.021897e+03,3.888595e-14,2.016425e-15
2.023269e+03,4.473808e-14,2.055779e-15
2.024641e+03,4.214729e-14,2.005342e-15
2.026014e+03,3.914140e-14,1.941889e-15
2.027386e+03,3.958015e-14,1.931510e-15
2.028759e+03,3.710317e-14,1.873330e-15
2.030131e+03,3.822152e-14,1.905390e-15
2.031503e+03,4.232648e-14,2.203423e-15
2.032876e+03,3.466559e-14,1.929188e-15
2.034248e+03,3.710321e-14,2.000061e-15
2.035621e+03,5.157995e-14,2.166706e-15
2.036993e+03,4.073966e-14,1.964877e-15
2.038366e+03,3.439229e-14,1.781424e-15
2.039738e+03,3.150148e-14,1.736692e-15
2.041111e+03,5.241600e-14,2.193974e-15
2.042483e+03,3.470203e-14,1.904711e-15
2.043856e+03,4.729828e-14,1.981277e-15
2.045228e+03,3.809154e-14,1.843641e-15
2.046601e+03,2.749175e-14,1.586583e-15
2.047973e+03,3.603492e-14,1.866280e-15
2.049346e+03,3.419752e-14,1.702439e-15
2.050718e+03,3.641063e-14,1.965619e-15
2.052091e+03,3.985011e-14,1.810401e-15
2.053463e+03,4.541992e-14,2.068983e-15
2.054836e+03,3.841519e-14,1.755332e-15
2.056208e+03,4.376496e-14,1.872385e-15
2.057581e+03,3.216791e-14,1.626816e-15
2.058954e+03,3.994403e-14,1.769283e-15
2.060326e+03,3.276684e-14,1.618832e-15
2.061699e+03,3.745555e-14,1.744694e-15
2.063071e+03,3.067776e-14,3.407859e-15
2.064444e+03,3.637622e-14,1.721273e-15
2.065817e+03,3.984961e-14,1.716593e-15
2.067189e+03,2.883610e-14,1.610973e-15
2.068562e+03,3.087792e-14,1.603970e-15
2.069934e+03,3.097981e-14,1.635972e-15
2.071307e+03,3.647360e-14,1.623043e-15
2.072680e+03,3.983145e-14,1.694130e-15
2.074052e+03,3.450333e-14,1.581422e-15
2.075425e+03,2.928279e-14,1.882594e-15
2.076798e+03,2.946763e-14,1.466780e-15
2.078171e+03,2.864077e-14,1.431278e-15
2.079543e+03,2.621763e-14,1.392981e-15
2.080916e+03,3.144413e-14,1.511772e-15
2.082289e+03,2.150806e-14,1.317835e-15
2.083661e+03,2.664434e-14,1.408716e-15
2.085034e+03,2.695477e-14,1.497664e-15
2.086407e+03,3.161412e-14,1.586179e-15
2.087780e+03,3.203785e-14,1.605953e-15
2.089152e+03,2.848261e-14,1.550633e-15
2.090525e+03,2.238479e-14,1.398687e-15
2.091898e+03,3.500360e-14,1.522123e-15
2.093271e+03,3.267009e-14,1.440795e-15
2.094643e+03,2.678948e-14,1.335981e-15
2.096016e+03,2.397718e-14,1.457947e-15
2.097389e+03,2.985549e-14,1.422403e-15
2.098762e+03,3.205100e-14,1.435611e-15
2.100135e+03,2.170531e-14,1.672678e-15
2.101507e+03,1.121915e-14,1.929058e-15
2.102880e+03,3.277754e-14,1.430932e-15
2.104253e+03,2.982646e-14,1.359654e-15
2.105626e+03,3.302821e-14,1.443667e-15
2.106999e+03,2.731408e-14,1.295299e-15
2.108372e+03,2.404508e-14,1.257724e-15
2.109744e+03,2.245764e-14,1.503321e-15
2.111117e+03,2.761977e-14,1.310246e-15
2.112490e+03,2.427740e-14,1.234837e-15
2.113863e+03,2.054904e-14,1.214896e-15
2.115236e+03,3.109154e-14,1.333983e-15
2.116609e+03,2.489698e-14,1.221202e-15
2.117982e+03,-4.629095e-15,1.963033e-15
2.119355e+03,2.290789e-14,1.185546e-15
2.120728e+03,1.908735e-14,1.130933e-15
2.122100e+03,1.985244e-14,1.116012e-15
2.123473e+03,2.056239e-14,1.118169e-15
2.124846e+03,2.140224e-14,1.285599e-15
2.126219e+03,2.883078e-14,1.259908e-15
2.127592e+03,2.166389e-14,1.126809e-15
2.128965e+03,2.112189e-14,1.193618e-15
2.130338e+03,1.891776e-14,1.151120e-15
2.131711e+03,2.405073e-14,1.154990e-15
2.133084e+03,2.237694e-14,1.120936e-15
2.134457e+03,1.956907e-14,1.066338e-15
2.135830e+03,2.350431e-14,1.124934e-15
2.137203e+03,2.774953e-14,1.230247e-15
2.138576e+03,1.755830e-14,1.015431e-15
2.139949e+03,2.240005e-14,1.105021e-15
2.141322e+03,1.822059e-14,1.234933e-15
2.142695e+03,2.214157e-14,1.090701e-15
2.144068e+03,1.938853e-14,1.033659e-15
2.145441e+03,3.014550e-14,1.251567e-15
2.146814e+03,2.221734e-14,1.210552e-15
2.148187e+03,2.011333e-14,1.202764e-15
2.149560e+03,2.182673e-14,1.123229e-15
2.150933e+03,1.757661e-14,1.028590e-15
2.152306e+03,2.095501e-14,1.045484e-15
2.153679e+03,1.768920e-14,1.135649e-15
2.155052e+03,1.891871e-14,1.003701e-15
2.156425e+03,1.674046e-14,1.163433e-15
2.157798e+03,1.921006e-14,1.099699e-15
2.159172e+03,2.007568e-14,1.006443e-15
2.160545e+03,1.860193e-14,1.009266e-15
2.161918e+03,1.917292e-14,1.043559e-15
2.163291e+03,1.809673e-14,9.546468e-16
2.164664e+03,1.774077e-14,9.620699e-16
2.166037e+03,2.648833e-14,1.196697e-15
2.167410e+03,1.862681e-14,1.213362e-15
2.168783e+03,1.928426e-14,9.726220e-16
2.170156e+03,2.121138e-14,1.019541e-15
2.171529e+03,1.746409e-14,9.365289e-16
2.172903e+03,1.810440e-14,9.421102e-16
2.174276e+03,1.614982e-14,1.061622e-15
2.175649e+03,2.327006e-14,1.128817e-15
2.177022e+03,2.112295e-14,1.218042e-15
2.178395e+03,1.505878e-14,8.659484e-16
2.179768e+03,1.904496e-14,9.464246e-16
2.181142e+03,2.100028e-14,1.244725e-15
2.182515e+03,1.789233e-14,9.092512e-16
2.183888e+03,2.013816e-14,9.673848e-16
2.185261e+03,1.428512e-14,8.409844e-16
2.186634e+03,1.680184e-14,8.867782e-16
2.188007e+03,1.769842e-14,8.980614e-16
2.189381e+03,1.604547e-14,9.590938e-16
2.190754e+03,1.751166e-14,8.979522e-16
2.192127e+03,1.923487e-14,9.619247e-16
2.193500e+03,1.577004e-14,8.513999e-16
2.194873e+03,1.997362e-14,1.016717e-15
2.196247e+03,1.624314e-14,9.099165e-16
2.197620e+03,1.370918e-14,8.684121e-16
2.198993e+03,1.637989e-14,8.581623e-16
2.200366e+03,1.676731e-14,8.666125e-16
2.201740e+03,1.815030e-14,8.955864e-16
2.203113e+03,1.417747e-14,8.120975e-16
2.204486e+03,1.635858e-14,8.497844e-16
2.205859e+03,1.360858e-14,8.602678e-16
2.207233e+03,1.344088e-14,7.896932e-16
2.208606e+03,1.529609e-14,8.172150e-16
2.209979e+03,1.777324e-14,8.474473e-16
2.211352e+03,1.351871e-14,7.800222e-16
2.212726e+03,1.612746e-14,8.280707e-16
2.214099e+03,1.160793e-14,1.076442e-15
2.215472e+03,1.470792e-14,8.019872e-16
2.216845e+03,1.588973e-14,8.527976e-16
2.218219e+03,1.309040e-14,7.757028e-16
2.219592e+03,1.844149e-14,9.110515e-16
2.220965e+03,1.391125e-14,8.076860e-16
2.222339e+03,1.760563e-14,8.568360e-16
2.223712e+03,1.335781e-14,8.122631e-16
2.225085e+03,1.335288e-14,7.585342e-16
2.226459e+03,1.510360e-14,7.770772e-16
2.227832e+03,1.528146e-14,7.840274e-16
2.229205e+03,1.557323e-14,7.793814e-16
2.230578e+03,2.855697e-14,1.049400e-15
2.231952e+03,1.734250e-14,8.082651e-16
2.233325e+03,1.555410e-14,7.780578e-16
2.234698e+03,1.645061e-14,8.019931e-16
2.236072e+03,1.469872e-14,7.974675e-16
2.237445e+03,6.303753e-15,9.534658e-16
2.238819e+03,1.541430e-14,8.015288e-16
2.240192e+03,1.242221e-14,7.176706e-16
2.241565e+03,1.292414e-14,7.156680e-16
2.242939e+03,1.589062e-14,8.447168e-16
2.244312e+03,1.339676e-14,7.248749e-16
2.245685e+03,1.151875e-14,9.287035e-16
2.247059e+03,1.347323e-14,7.294637e-16
2.248432e+03,1.107074e-14,6.778325e-16
2.249805e+03,1.243100e-14,7.273871e-16
2.251179e+03,1.492224e-14,7.464900e-16
2.252552e+03,1.515407e-14,8.575768e-16
2.253926e+03,1.297981e-14,7.057371e-16
2.255299e+03,1.643358e-14,7.777513e-16
2.256672e+03,1.704031e-14,7.760673e-16
2.258046e+03,1.216006e-14,7.280299e-16
2.259419e+03,1.717176e-14,7.794443e-16
2.260793e+03,1.432295e-14,7.133305e-16
2.262166e+03,1.356865e-14,7.037247e-16
2.263539e+03,1.353052e-14,7.068193e-16
2.264913e+03,1.351582e-14,9.707021e-16
2.266286e+03,1.322533e-14,8.675174e-16
2.267660e+03,1.564753e-14,7.421339e-16
2.269033e+03,2.276288e-14,9.028888e-16
2.270406e+03,1.647787e-14,7.399883e-16
2.271780e+03,1.546529e-14,7.524430e-16
2.273153e+03,1.378050e-14,8.057810e-16
2.274527e+03,1.411818e-14,7.033789e-16
2.275900e+03,1.596893e-14,7.463615e-16
2.277274e+03,1.679727e-14,7.400291e-16
2.278647e+03,1.652146e-14,7.291550e-16
2.280020e+03,1.656953e-14,7.279304e-16
2.281394e+03,1.783764e-14,7.565493e-16
2.282767e+03,1.336753e-14,6.660976e-16
2.284141e+03,1.921506e-14,7.783888e-16
2.285514e+03,1.649824e-14,7.179940e-16
2.286888e+03,1.481267e-14,7.206358e-16
2.288261e+03,1.613483e-14,7.519645e-16
2.289635e+03,1.593936e-14,7.045038e-16
2.291008e+03,1.401794e-14,6.792779e-16
2.292382e+03,1.729862e-14,7.214499e-16
2.293755e+03,2.374220e-14,8.632728e-16
2.295129e+03,1.675911e-14,7.138885e-16
2.296502e+03,1.496176e-14,7.375865e-16
2.297875e+03,1.731684e-14,7.144946e-16
2.299249e+03,1.588243e-14,6.923521e-16
2.300622e+03,1.514932e-14,6.961229e-16
2.301996e+03,1.901277e-14,7.411899e-16
2.303369e+03,2.089229e-14,7.641958e-16
2.304743e+03,1.886220e-14,7.284034e-16
2.306116e+03,2.059114e-14,7.640142e-16
2.307490e+03,2.390996e-14,8.239722e-16
2.308863e+03,2.070687e-14,7.874797e-16
2.310237e+03,1.966718e-14,7.630022e-16
2.311610e+03,2.261849e-14,7.853385e-16
2.312984e+03,2.269566e-14,7.912098e-16
2.314357e+03,2.321722e-14,7.852221e-16
2.315731e+03,2.086630e-14,8.513570e-16
2.317104e+03,2.202837e-14,8.635806e-16
2.318478e+03,2.596609e-14,8.248245e-16
2.319851e+03,2.144397e-14,7.557269e-16
2.321225e+03,2.594597e-14,8.617658e-16
2.322598e+03,2.487374e-14,8.089850e-16
2.323972e+03,3.323912e-14,9.436253e-16
2.325345e+03,2.736156e-14,8.386144e-16
2.326719e+03,2.583575e-14,8.221781e-16
2.328093e+03,2.816526e-14,8.575804e-16
2.329466e+03,2.724489e-14,8.369937e-16
2.330840e+03,2.731970e-14,8.292260e-16
2.332213e+03,2.873255e-14,8.418856e-16
2.333587e+03,3.096921e-14,8.902611e-16
2.334960e+03,3.333446e-14,9.662942e-16
2.336334e+03,3.427846e-14,9.347780e-16
2.337707e+03,2.777982e-14,8.288135e-16
2.339081e+03,2.735620e-14,8.229933e-16
2.340454e+03,2.976004e-14,8.575444e-16
2.341828e+03,2.774549e-14,8.761970e-16
2.343201e+03,2.501348e-14,8.012031e-16
2.344575e+03,2.387629e-14,7.752603e-16
2.345948e+03,2.957562e-14,8.526564e-16
2.347322e+03,3.248204e-14,8.784036e-16
2.348695e+03,3.005332e-14,8.561920e-16
2.350069e+03,3.488285e-14,9.351332e-16
2.351443e+03,3.683510e-14,9.432252e-16
2.352816e+03,3.438490e-14,9.186761e-16
2.354190e+03,3.408491e-14,8.959930e-16
2.355563e+03,3.333402e-14,9.127772e-16
2.356937e+03,3.508390e-14,9.206011e-16
2.358310e+03,3.410893e-14,8.917939e-16
2.359684e+03,3.550904e-14,9.135618e-16
2.361057e+03,3.682721e-14,9.236066e-16
2.362431e+03,3.561204e-14,9.060817e-16
2.363804e+03,3.999677e-14,9.708498e-16
2.365178e+03,3.407846e-14,9.353237e-16
2.366552e+03,3.283209e-14,9.968013e-16
2.367925e+03,3.796199e-14,9.331620e-16
2.369299e+03,3.697774e-14,9.303920e-16
2.370672e+03,3.422024e-14,8.866494e-16
2.372046e+03,3.284014e-14,8.684436e-16
2.373419e+03,2.673066e-14,7.820831e-16
2.374793e+03,2.714016e-14,8.755661e-16
2.376166e+03,3.219198e-14,1.022210e-15
2.377540e+03,3.642818e-14,9.085332e-16
2.378914e+03,3.608829e-14,9.317496e-16
2.380287e+03,3.079077e-14,8.347374e-16
2.381661e+03,2.116073e-14,7.030701e-16
2.383034e+03,2.273433e-14,7.222491e-16
2.384408e+03,2.819898e-14,8.807142e-16
2.385781e+03,3.301438e-14,1.257215e-15
2.387155e+03,3.603109e-14,1.266926e-15
2.388529e+03,3.815520e-14,9.264183e-16
2.389902e+03,3.651018e-14,9.137487e-16
2.391276e+03,3.934826e-14,1.025901e-15
2.392649e+03,3.607284e-14,9.167107e-16
2.394023e+03,3.710196e-14,9.030369e-16
2.395396e+03,3.835516e-14,9.287570e-16
2.396770e+03,3.816219e-14,9.197005e-16
2.398143e+03,3.757057e-14,9.066597e-16
2.399517e+03,3.998371e-14,9.393008e-16
2.400891e+03,3.927983e-14,9.393931e-16
2.402264e+03,3.725919e-14,9.211954e-16
2.403638e+03,4.606370e-14,1.028632e-15
2.405011e+03,3.869599e-14,9.235528e-16
2.406385e+03,3.473392e-14,8.666252e-16
2.407758e+03,3.440848e-14,8.621084e-16
2.409132e+03,3.430159e-14,8.725386e-16
2.410505e+03,3.810415e-14,9.082547e-16
2.411879e+03,3.588101e-14,8.797046e-16
2.413253e+03,3.340582e-14,8.449526e-16
2.414626e+03,3.740444e-14,9.000152e-16
2.416000e+03,3.850090e-14,9.174663e-16
2.417373e+03,3.651392e-14,8.900603e-16
2.418747e+03,3.177377e-14,9.850020e-16
2.420120e+03,3.343480e-14,8.661173e-16
2.421494e+03,3.045550e-14,8.036502e-16
2.422867e+03,2.862154e-14,7.783887e-16
2.424241e+03,3.018148e-14,7.993170e-16
2.425615e+03,3.227600e-14,8.268994e-16
2.426988e+03,3.233255e-14,8.240046e-16
2.428362e+03,2.853878e-14,7.730354e-16
2.429735e+03,2.959699e-14,8.318061e-16
2.431109e+03,3.012084e-14,7.941543e-16
2.432482e+03,3.113533e-14,8.109641e-16
2.433856e+03,2.788718e-14,7.633862e-16
2.435229e+03,2.918690e-14,7.841298e-16
2.436603e+03,3.066987e-14,8.013224e-16
2.437977e+03,3.123430e-14,8.152311e-16
2.439350e+03,4.386549e-14,1.028401e-15
2.440724e+03,3.102389e-14,8.154551e-16
2.442097e+03,2.925467e-14,8.092156e-16
2.443471e+03,2.771218e-14,7.781870e-16
2.444844e+03,3.084375e-14,8.345849e-16
2.446218e+03,2.780812e-14,7.854874e-16
2.447591e+03,2.962902e-14,8.176617e-16
2.448965e+03,2.867573e-14,7.925865e-16
2.450338e+03,2.753186e-14,8.132041e-16
2.451712e+03,3.060403e-14,9.040241e-16
2.453085e+03,2.794513e-14,1.186293e-15
2.454459e+03,2.733063e-14,7.809510e-16
2.455833e+03,2.472114e-14,7.373664e-16
2.457206e+03,2.712477e-14,7.876587e-16
2.458580e+03,2.515932e-14,7.364817e-16
2.459953e+03,2.488712e-14,7.761047e-16
2.461327e+03,2.486850e-14,7.213114e-16
2.462700e+03,2.648996e-14,7.441560e-16
2.464074e+03,2.613532e-14,7.327478e-16
2.465447e+03,2.788622e-14,7.643411e-16
2.466821e+03,2.726155e-14,7.449863e-16
2.468194e+03,2.413132e-14,7.007746e-16
2.469568e+03,2.544771e-14,7.237920e-16
2.470941e+03,2.337285e-14,6.942545e-16
2.472315e+03,2.478168e-14,7.217025e-16
2.473688e+03,2.827466e-14,7.564779e-16
2.475062e+03,2.531844e-14,7.242250e-16
2.476435e+03,2.697680e-14,1.053176e-15
2.477809e+03,2.638975e-14,7.829122e-16
2.479182e+03,2.388067e-14,6.923631e-16
2.480556e+03,2.472857e-14,7.043870e-16
2.481929e+03,2.591938e-14,7.194489e-16
2.483303e+03,2.596444e-14,7.273236e-16
2.484676e+03,2.740901e-14,8.183698e-16
2.486050e+03,2.707862e-14,7.372603e-16
2.487423e+03,2.828821e-14,7.487412e-16
2.488797e+03,2.618489e-14,7.264320e-16
2.490170e+03,2.444167e-14,7.015063e-16
2.491544e+03,2.932299e-14,7.736014e-16
2.492917e+03,2.731174e-14,7.982189e-16
2.494291e+03,2.936285e-14,8.029458e-16
2.495664e+03,2.786203e-14,8.257688e-16
2.497038e+03,2.969126e-14,7.699608e-16
2.498411e+03,3.071003e-14,7.748695e-16
2.499785e+03,2.716674e-14,7.278790e-16
2.501158e+03,2.801652e-14,7.433504e-16
2.502532e+03,3.031481e-14,8.581866e-16
2.503905e+03,3.157832e-14,7.849649e-16
2.505278e+03,2.939692e-14,7.571889e-16
2.506652e+03,2.847817e-14,7.463671e-16
2.508025e+03,3.278303e-14,9.871703e-16
2.509399e+03,3.103922e-14,7.770434e-16
2.510772e+03,3.550653e-14,8.355931e-16
2.512146e+03,3.041870e-14,9.406543e-16
2.513519e+03,3.594082e-14,1.043643e-15
2.514893e+03,3.238958e-14,7.898735e-16
2.516266e+03,3.584230e-14,1.248174e-15
2.517639e+03,3.534152e-14,8.517249e-16
2.519013e+03,3.746237e-14,8.468725e-16
2.520386e+03,4.095467e-14,8.910445e-16
2.521760e+03,3.815849e-14,8.569860e-16
2.523133e+03,4.558234e-14,9.415423e-16
2.524507e+03,4.757478e-14,9.649689e-16
2.525880e+03,4.490652e-14,1.158662e-15
2.527253e+03,4.471904e-14,9.260044e-16
2.528627e+03,4.680968e-14,9.442450e-16
2.530000e+03,4.774371e-14,9.530818e-16
2.531374e+03,4.819027e-14,9.575575e-16
2.532747e+03,4.982175e-14,9.797207e-16
2.534120e+03,5.229398e-14,1.520806e-15
2.535494e+03,5.048788e-14,9.746651e-16
2.536867e+03,4.927172e-14,9.626655e-16
2.538241e+03,5.045057e-14,9.767053e-16
2.539614e+03,5.062515e-14,1.059362e-15
2.540987e+03,5.610390e-14,1.026162e-15
2.542361e+03,5.589217e-14,1.031827e-15
2.543734e+03,5.490757e-14,1.020514e-15
2.545108e+03,5.381484e-14,1.064274e-15
2.546481e+03,5.715328e-14,1.036075e-15
2.547854e+03,5.554731e-14,1.019728e-15
2.549228e+03,5.697044e-14,1.035747e-15
2.550601e+03,5.492489e-14,1.015709e-15
2.551974e+03,5.385131e-14,1.244042e-15
2.553348e+03,5.559827e-14,1.066221e-15
2.554721e+03,5.396946e-14,1.031686e-15
2.556094e+03,5.978495e-14,1.058152e-15
2.557468e+03,5.613626e-14,1.024462e-15
2.558841e+03,6.139331e-14,1.075791e-15
2.560214e+03,5.820959e-14,1.037134e-15
2.561588e+03,5.628296e-14,1.022259e-15
2.562961e+03,5.968662e-14,1.059143e-15
2.564334e+03,5.894798e-14,1.049259e-15
2.565708e+03,5.892443e-14,1.041318e-15
2.567081e+03,5.662543e-14,1.040791e-15
2.568454e+03,5.745923e-14,1.035265e-15
2.569828e+03,6.085535e-14,1.065476e-15
2.571201e+03,5.564715e-14,1.016626e-15
2.572574e+03,5.551388e-14,1.012083e-15
2.573948e+03,5.350191e-14,9.960623e-16
2.575321e+03,5.263198e-14,9.946057e-16
2.576694e+03,5.450290e-14,1.004983e-15
2.578067e+03,5.755878e-14,1.045072e-15
2.579441e+03,5.266097e-14,9.832345e-16
2.580814e+03,5.643818e-14,1.017021e-15
2.582187e+03,5.767396e-14,1.055917e-15
2.583560e+03,4.848665e-14,9.436698e-16
2.584934e+03,3.951075e-14,8.544915e-16
2.586307e+03,3.756737e-14,9.551842e-16
2.587680e+03,3.823344e-14,8.383220e-16
2.589053e+03,4.888721e-14,9.476378e-16
2.590427e+03,6.505202e-14,1.127232e-15
2.591800e+03,5.427111e-14,1.047275e-15
2.593173e+03,4.955470e-14,9.526482e-16
2.594546e+03,5.018773e-14,9.541866e-16
2.595920e+03,4.738093e-14,9.263293e-16
2.597293e+03,4.050150e-14,8.582908e-16
2.598666e+03,3.154373e-14,7.586039e-16
2.600039e+03,2.579865e-14,7.074225e-16
2.601412e+03,3.314626e-14,9.054256e-16
2.602786e+03,3.772631e-14,8.505406e-16
2.604159e+03,4.454790e-14,9.143971e-16
2.605532e+03,3.716223e-14,9.741446e-16
2.606905e+03,3.782778e-14,8.591106e-16
2.608278e+03,3.880029e-14,8.364884e-16
2.609652e+03,4.055621e-14,8.513650e-16
2.611025e+03,3.674822e-14,8.110241e-16
2.612398e+03,3.994500e-14,8.486613e-16
2.613771e+03,3.801257e-14,8.721031e-16
2.615144e+03,3.519178e-14,9.511482e-16
2.616517e+03,3.789861e-14,8.247852e-16
2.617891e+03,3.621654e-14,8.028314e-16
2.619264e+03,3.455975e-14,9.067192e-16
2.620637e+03,3.245451e-14,9.216991e-16
2.622010e+03,3.450259e-14,9.641635e-16
2.623383e+03,3.332269e-14,8.212529e-16
2.624756e+03,3.428544e-14,8.943370e-16
2.626129e+03,3.603669e-14,9.362623e-16
2.627502e+03,3.287161e-14,7.645156e-16
2.628875e+03,3.198129e-14,7.522389e-16
2.630249e+03,3.273943e-14,7.611896e-16
2.631622e+03,3.404474e-14,7.801745e-16
2.632995e+03,3.429885e-14,7.820539e-16
2.634368e+03,3.342427e-14,8.196836e-16
2.635741e+03,2.958766e-14,7.280385e-16
2.637114e+03,3.037911e-14,7.359813e-16
2.638487e+03,2.947714e-14,7.573345e-16
2.639860e+03,3.047531e-14,7.332852e-16
2.641233e+03,2.932688e-14,7.592438e-16
2.642606e+03,3.022027e-14,7.278556e-16
2.643979e+03,2.675714e-14,1.347137e-15
2.645352e+03,3.044390e-14,9.486733e-16
2.646725e+03,3.146470e-14,7.535353e-16
2.648098e+03,3.253428e-14,7.573973e-16
2.649471e+03,2.902619e-14,7.168248e-16
2.650844e+03,2.964465e-14,7.199985e-16
2.652217e+03,3.062662e-14,7.300919e-16
2.653590e+03,3.026345e-14,7.310693e-16
2.654963e+03,2.952598e-14,7.272487e-16
2.656336e+03,3.052241e-14,7.329453e-16
2.657709e+03,3.274934e-14,7.625999e-16
2.659082e+03,2.969863e-14,7.660633e-16
2.660455e+03,2.241887e-13,3.446571e-15
2.661828e+03,3.471930e-14,7.760815e-16
2.663201e+03,3.655281e-14,8.246686e-16
2.664574e+03,3.553837e-14,7.843260e-16
2.665947e+03,3.384783e-14,7.651854e-16
2.667320e+03,3.398399e-14,7.749982e-16
2.668693e+03,3.404421e-14,7.651147e-16
2.670066e+03,3.557823e-14,8.269818e-16
2.671439e+03,3.290306e-14,7.840011e-16
2.672812e+03,3.887608e-14,8.336802e-16
2.674185e+03,3.830244e-14,8.085124e-16
2.675557e+03,3.865481e-14,9.318623e-16
2.676930e+03,4.234861e-14,8.663064e-16
2.678303e+03,4.158174e-14,8.577231e-16
2.679676e+03,4.449740e-14,8.874090e-16
2.681049e+03,4.400434e-14,8.668242e-16
2.682422e+03,4.666389e-14,8.856957e-16
2.683795e+03,4.874102e-14,9.071585e-16
2.685168e+03,4.844972e-14,9.070092e-16
2.686540e+03,4.840630e-14,9.091036e-16
2.687913e+03,4.961499e-14,9.183598e-16
2.689286e+03,5.286666e-14,9.442992e-16
2.690659e+03,5.452672e-14,9.575683e-16
2.692032e+03,5.579897e-14,9.755094e-16
2.693405e+03,5.742738e-14,9.950732e-16
2.694777e+03,5.682849e-14,9.816643e-16
2.696150e+03,5.804806e-14,1.137378e-15
2.697523e+03,5.790010e-14,9.866216e-16
2.698896e+03,6.090130e-14,1.010384e-15
2.700268e+03,6.625029e-14,1.304781e-15
2.701641e+03,6.378647e-14,1.044240e-15
2.703014e+03,6.975962e-14,1.100851e-15
2.704387e+03,7.532314e-14,1.130842e-15
2.705759e+03,7.182256e-14,1.092926e-15
2.707132e+03,6.965744e-14,1.076939e-15
2.708505e+03,6.604542e-14,1.047360e-15
2.709878e+03,7.786033e-14,1.143519e-15
2.711250e+03,7.384982e-14,1.106562e-15
2.712623e+03,7.231458e-14,1.096285e-15
2.713996e+03,7.581301e-14,1.156107e-15
2.715369e+03,7.498566e-14,1.117445e-15
2.716741e+03,7.935461e-14,1.142628e-15
2.718114e+03,7.579529e-14,1.121780e-15
2.719487e+03,7.058802e-14,1.074598e-15
2.720859e+03,8.020962e-14,1.145726e-15
2.722232e+03,7.861591e-14,1.221607e-15
2.723605e+03,8.480775e-14,1.178246e-15
2.724977e+03,7.462049e-14,1.107634e-15
2.726350e+03,8.743631e-14,1.205880e-15
2.727722e+03,8.515684e-14,1.192178e-15
2.729095e+03,8.240928e-14,1.159203e-15
2.730468e+03,8.202280e-14,1.152927e-15
2.731840e+03,8.579962e-14,1.189878e-15
2.733213e+03,9.040299e-14,1.209759e-15
2.734585e+03,8.563406e-14,1.177298e-15
2.735958e+03,9.176590e-14,1.217563e-15
2.737331e+03,8.537033e-14,1.168756e-15
2.738703e+03,8.860812e-14,1.190918e-15
2.740076e+03,8.904141e-14,1.193485e-15
2.741448e+03,8.616558e-14,1.173058e-15
2.742821e+03,9.198325e-14,1.387229e-15
2.744193e+03,9.569195e-14,1.247177e-15
2.745566e+03,9.004861e-14,1.197926e-15
2.746938e+03,9.573397e-14,1.231207e-15
2.748311e+03,9.935293e-14,1.270275e-15
2.749683e+03,1.011831e-13,1.266443e-15
2.751056e+03,9.693180e-14,1.237692e-15
2.752428e+03,1.004902e-13,1.262659e-15
2.753801e+03,1.030409e-13,1.276578e-15
2.755173e+03,1.001908e-13,1.254622e-15
2.756546e+03,1.038731e-13,1.281395e-15
2.757918e+03,1.042551e-13,1.300864e-15
2.759291e+03,1.069140e-13,1.297386e-15
2.760663e+03,1.065290e-13,1.284098e-15
2.762035e+03,1.106275e-13,1.319181e-15
2.763408e+03,1.098590e-13,1.300672e-15
2.764780e+03,1.067231e-13,1.326514e-15
2.766153e+03,1.118697e-13,1.538920e-15
2.767525e+03,1.124876e-13,1.577907e-15
2.768897e+03,1.222108e-13,1.385472e-15
2.770270e+03,1.129895e-13,1.590147e-15
2.771642e+03,1.147696e-13,1.362735e-15
2.773015e+03,1.173734e-13,1.367640e-15
2.774387e+03,1.206291e-13,1.381291e-15
2.775759e+03,1.215553e-13,1.358682e-15
2.777132e+03,1.252311e-13,1.380705e-15
2.778504e+03,1.244945e-13,1.450590e-15
2.779876e+03,1.225842e-13,1.364268e-15
2.781248e+03,1.282615e-13,1.396452e-15
2.782621e+03,1.275367e-13,1.390386e-15
2.783993e+03,1.302015e-13,1.397727e-15
2.785365e+03,1.316488e-13,1.403999e-15
2.786738e+03,1.251472e-13,1.373194e-15
2.788110e+03,1.359735e-13,1.423653e-15
2.789482e+03,1.279891e-13,1.375206e-15
2.790854e+03,1.299764e-13,1.438425e-15
2.792227e+03,1.267211e-13,1.372966e-15
2.793599e+03,1.086311e-13,1.263372e-15
2.794971e+03,7.073175e-14,1.014310e-15
2.796343e+03,5.042248e-14,8.564032e-16
2.797715e+03,5.716263e-14,9.088919e-16
2.799088e+03,9.991067e-14,1.211862e-15
2.800460e+03,1.077829e-13,1.267387e-15
2.801832e+03,7.905436e-14,1.070340e-15
2.803204e+03,5.377259e-14,9.626882e-16
2.804576e+03,6.552126e-14,9.731300e-16
2.805948e+03,9.405031e-14,1.358616e-15
2.807320e+03,1.193001e-13,1.365264e-15
2.808693e+03,1.247233e-13,1.339898e-15
2.810065e+03,1.211215e-13,1.325980e-15
2.811437e+03,1.224575e-13,1.329555e-15
2.812809e+03,1.151780e-13,1.298782e-15
2.814181e+03,1.125990e-13,1.287450e-15
2.815553e+03,1.195465e-13,1.310217e-15
2.816925e+03,1.207304e-13,1.311548e-15
2.818297e+03,1.214386e-13,1.311876e-15
2.819669e+03,1.244246e-13,1.332963e-15
2.821041e+03,1.158660e-13,1.281602e-15
2.822413e+03,1.163787e-13,1.284280e-15
2.823785e+03,1.299520e-13,1.364431e-15
2.825157e+03,1.281469e-13,1.347382e-15
2.826529e+03,1.247492e-13,1.332345e-15
2.827901e+03,1.242287e-13,1.318416e-15
2.829273e+03,1.230115e-13,1.307630e-15
2.830645e+03,1.263549e-13,1.326563e-15
2.832017e+03,1.229035e-13,1.310540e-15
2.833389e+03,1.301906e-13,1.348172e-15
2.834761e+03,1.295024e-13,1.345084e-15
2.836133e+03,1.270294e-13,1.333317e-15
2.837505e+03,1.350147e-13,1.368604e-15
2.838877e+03,1.254753e-13,1.325664e-15
2.840248e+03,1.324684e-13,1.354818e-15
2.841620e+03,1.331066e-13,1.353787e-15
2.842992e+03,1.359795e-13,1.361308e-15
2.844364e+03,1.388295e-13,1.383654e-15
2.845736e+03,1.373470e-13,1.372882e-15
2.847108e+03,1.360946e-13,1.366749e-15
2.848480e+03,1.339274e-13,1.350407e-15
2.849851e+03,1.341215e-13,1.354223e-15
2.851223e+03,1.277283e-13,1.313007e-15
2.852595e+03,1.207085e-13,1.275082e-15
2.853967e+03,1.248117e-13,1.305236e-15
2.855338e+03,1.363608e-13,1.354927e-15
2.856710e+03,1.401288e-13,1.385903e-15
2.858082e+03,1.415661e-13,1.382770e-15
2.859454e+03,1.398820e-13,1.362658e-15
2.860825e+03,1.475829e-13,1.405947e-15
2.862197e+03,1.477660e-13,1.424895e-15
2.863569e+03,1.549299e-13,1.442328e-15
2.864941e+03,1.529765e-13,1.421696e-15
2.866312e+03,1.541349e-13,1.432668e-15
2.867684e+03,1.533526e-13,1.422551e-15
2.869056e+03,1.661022e-13,1.567087e-15
2.870427e+03,1.597933e-13,1.808349e-15
2.871799e+03,1.643898e-13,1.463075e-15
2.873170e+03,1.651397e-13,1.464222e-15
2.874542e+03,1.714494e-13,1.500486e-15
2.875914e+03,1.761119e-13,1.516369e-15
2.877285e+03,1.754461e-13,1.504637e-15
2.878657e+03,1.715732e-13,1.479042e-15
2.880028e+03,1.810480e-13,1.524061e-15
2.881400e+03,1.819544e-13,1.522522e-15
2.882772e+03,1.866239e-13,1.566020e-15
2.884143e+03,1.883939e-13,1.636547e-15
2.885515e+03,1.918071e-13,1.590462e-15
2.886886e+03,2.027830e-13,1.602713e-15
2.888258e+03,2.082777e-13,1.666974e-15
2.889629e+03,2.157814e-13,1.648361e-15
2.891001e+03,2.197151e-13,1.655519e-15
2.892372e+03,2.231882e-13,1.921175e-15
2.893744e+03,2.299604e-13,1.947753e-15
2.895115e+03,2.358221e-13,1.714805e-15
2.896486e+03,2.394700e-13,1.723035e-15
2.897858e+03,2.450092e-13,1.737875e-15
2.899229e+03,2.476689e-13,1.748927e-15
2.900601e+03,2.531713e-13,1.769261e-15
2.901972e+03,2.599827e-13,1.787092e-15
2.903343e+03,2.637081e-13,1.795061e-15
2.904715e+03,2.692293e-13,1.813426e-15
2.906086e+03,2.607706e-13,1.781248e-15
2.907457e+03,2.715569e-13,1.815097e-15
2.908829e+03,2.804470e-13,1.834551e-15
2.910200e+03,2.831687e-13,1.849599e-15
2.911571e+03,2.837753e-13,1.958360e-15
2.912943e+03,2.924110e-13,1.873806e-15
2.914314e+03,2.872480e-13,1.847650e-15
2.915685e+03,2.884552e-13,1.848868e-15
2.917056e+03,2.901887e-13,1.970215e-15
2.918428e+03,2.978297e-13,1.872035e-15
2.919799e+03,3.014696e-13,1.880938e-15
2.921170e+03,3.009794e-13,1.879128e-15
2.922541e+03,3.077337e-13,1.894673e-15
2.923913e+03,3.040859e-13,1.879052e-15
2.925284e+03,3.081472e-13,1.890806e-15
2.926655e+03,3.122415e-13,1.901758e-15
2.928026e+03,3.164572e-13,1.949146e-15
2.929397e+03,3.124602e-13,1.901473e-15
2.930768e+03,3.143733e-13,1.901921e-15
2.932139e+03,3.152673e-13,1.897839e-15
2.933511e+03,3.205887e-13,1.903221e-15
2.934882e+03,3.293240e-13,1.962279e-15
2.936253e+03,3.246271e-13,1.936089e-15
2.937624e+03,3.283858e-13,1.934920e-15
2.938995e+03,3.247051e-13,1.910709e-15
2.940366e+03,3.273621e-13,1.918657e-15
2.941737e+03,3.312845e-13,1.926460e-15
2.943108e+03,3.336650e-13,1.931322e-15
2.944479e+03,3.293214e-13,1.917679e-15
2.945850e+03,3.373989e-13,2.067005e-15
2.947221e+03,3.303542e-13,1.912074e-15
2.948592e+03,3.364959e-13,1.928238e-15
2.949963e+03,3.325272e-13,1.913771e-15
2.951334e+03,3.347775e-13,1.915410e-15
2.952705e+03,3.404524e-13,1.933960e-15
2.954076e+03,3.409419e-13,1.930312e-15
2.955447e+03,3.304472e-13,1.903010e-15
2.956817e+03,3.309144e-13,1.954989e-15
2.958188e+03,3.431198e-13,1.930032e-15
2.959559e+03,3.355655e-13,2.033535e-15
2.960930e+03,3.442477e-13,1.926801e-15
2.962301e+03,3.447587e-13,1.928969e-15
2.963672e+03,3.332178e-13,2.375026e-15
2.965043e+03,3.424652e-13,2.026275e-15
2.966413e+03,3.294663e-13,1.869419e-15
2.967784e+03,3.318981e-13,1.876467e-15
2.969155e+03,3.310078e-13,2.004516e-15
2.970526e+03,3.348564e-13,1.882334e-15
2.971896e+03,3.306348e-13,1.869996e-15
2.973267e+03,3.339969e-13,1.871131e-15
2.974638e+03,3.265014e-13,1.844570e-15
2.976009e+03,3.319682e-13,1.865769e-15
2.977379e+03,3.216029e-13,1.826248e-15
2.978750e+03,3.155002e-13,1.811700e-15
2.980121e+03,3.054991e-13,1.779494e-15
2.981491e+03,3.158026e-13,1.801167e-15
2.982862e+03,3.135060e-13,1.793817e-15
2.984232e+03,3.100235e-13,1.780119e-15
2.985603e+03,2.992212e-13,1.750279e-15
2.986974e+03,2.944316e-13,1.732177e-15
2.988344e+03,2.974463e-13,1.742470e-15
2.989715e+03,2.853155e-13,1.707027e-15
2.991085e+03,2.868417e-13,1.718329e-15
2.992456e+03,2.806552e-13,1.680563e-15
2.993826e+03,2.735630e-13,1.653680e-15
2.995197e+03,2.726604e-13,1.653035e-15
2.996567e+03,2.784886e-13,1.777833e-15
2.997938e+03,2.744096e-13,1.662872e-15
2.999308e+03,2.631663e-13,1.627790e-15
3.000679e+03,2.611121e-13,1.611631e-15
3.002049e+03,2.576519e-13,1.602464e-15
3.003420e+03,2.582825e-13,1.606557e-15
3.004790e+03,2.587694e-13,1.602121e-15
3.006161e+03,2.713372e-13,1.748521e-15
3.007531e+03,2.528843e-13,1.576539e-15
3.008901e+03,2.486025e-13,2.043244e-15
3.010272e+03,2.506315e-13,1.570677e-15
3.011642e+03,2.515389e-13,1.576661e-15
3.013012e+03,2.463620e-13,1.552286e-15
3.014383e+03,2.491722e-13,1.684806e-15
3.015753e+03,2.461156e-13,1.670761e-15
3.017123e+03,2.501591e-13,1.560506e-15
3.018493e+03,2.461185e-13,1.544124e-15
3.019864e+03,2.434645e-13,1.537147e-15
3.021234e+03,2.436278e-13,1.533646e-15
3.022604e+03,2.455741e-13,1.536177e-15
3.023974e+03,2.522581e-13,1.565450e-15
3.025345e+03,2.448210e-13,1.532029e-15
3.026715e+03,2.445472e-13,1.666120e-15
3.028085e+03,2.479499e-13,1.549322e-15
3.029455e+03,2.535683e-13,1.560198e-15
3.030825e+03,2.542418e-13,1.555242e-15
3.032195e+03,2.543767e-13,1.554997e-15
3.033565e+03,2.561144e-13,1.559472e-15
3.034936e+03,2.521242e-13,1.546641e-15
3.036306e+03,2.505890e-13,1.537181e-15
3.037676e+03,2.542784e-13,1.673693e-15
3.039046e+03,2.545048e-13,1.545467e-15
3.040416e+03,2.554945e-13,1.552443e-15
3.041786e+03,2.524346e-13,1.568799e-15
3.043156e+03,2.521244e-13,1.539763e-15
3.044526e+03,2.530386e-13,1.541709e-15
3.045896e+03,2.501140e-13,1.527601e-15
3.047266e+03,2.517392e-13,1.531168e-15
3.048636e+03,2.498628e-13,1.694451e-15
3.050006e+03,2.442177e-13,1.504679e-15
3.051376e+03,2.452463e-13,1.510006e-15
3.052745e+03,2.439455e-13,1.512258e-15
3.054115e+03,2.434510e-13,1.500739e-15
3.055485e+03,2.409843e-13,1.489599e-15
3.056855e+03,2.409225e-13,1.490394e-15
3.058225e+03,2.362890e-13,1.477505e-15
3.059595e+03,2.368108e-13,1.470594e-15
3.060964e+03,2.352246e-13,1.463983e-15
3.062334e+03,2.364232e-13,1.471038e-15
3.063704e+03,2.361698e-13,1.479725e-15
3.065074e+03,2.283686e-13,1.442199e-15
3.066444e+03,2.262197e-13,1.433873e-15
3.067813e+03,2.289035e-13,1.439107e-15
3.069183e+03,2.248860e-13,1.435100e-15
3.070553e+03,2.229894e-13,1.420367e-15
3.071922e+03,2.267429e-13,1.475309e-15
3.073292e+03,3.246413e-13,1.738976e-14
