intentType,obs_collection,provenance_name,instrument_name,project,filters,wave_region,target_name,target_classification,obs_id,s_ra,s_dec,dataproduct_type,proposal_pi,calib_level,t_min,t_max,t_exptime,wavelength_region,em_min,em_max,obs_title,t_obs_release,proposal_id,proposal_type,sequence_number,s_region,jpegURL,dataURL,dataRights,mtFlag,srcDen,obsid,objID,wave_min,wave_max,objID1,distance
science,HST,CALSTIS,STIS/CCD,HST,MIRVIS,OPTICAL,PTF11KLY,EXT-STAR;SUPERNOVA TYPE IA,obnd51drq,210.7742208333,54.27371111111,image,"Ellis, Richard S.",1,55823.57741605324,55823.58013796296,30.1,OPTICAL,nan,nan,Towards a Physical Understanding of the Diversity of Type Ia Supernovae,56189.6567824,12298,GO,,POLYGON 210.7754604927362 54.272995714973526 210.77304561557747 54.27299709865549 210.77304798590123 54.274407568648265 210.77546286305997 54.274406184966296 210.7754604927362 54.272995714973526,,mast:HST/product/obnd51drq_raw.fits,PUBLIC,False,nan,24524787,899362207,nan,nan,899362207,0.0
science,HST,CALSTIS,STIS/CCD,HST,G230LB,UV,PTF11KLY,EXT-STAR;SUPERNOVA TYPE IA,obnd45010,210.7742208333,54.27371111111,spectrum,"Ellis, Richard S.",3,55807.41668642361,55807.43349216435,1320.0,UV,168.0,306.0,Towards a Physical Understanding of the Diversity of Type Ia Supernovae,56173.47458337,12298,GO,,POLYGON 210.76952665385085 54.26125035315881 210.76943231316923 54.26126257011583 210.7748117948058 54.27542617511663 210.7749061354874 54.275413958159604 210.76952665385085 54.26125035315881,mast:HST/product/obnd45010_sx1.png,mast:HST/product/obnd45010_sx1.fits,PUBLIC,False,nan,24963062,1004077043,168.0,306.0,1004077043,0.0
science,HST,CALSTIS,STIS/CCD,HST,G750L,OPTICAL,PTF11KLY,EXT-STAR;SUPERNOVA TYPE IA,obnd46060,210.7741946602,54.27361509759,spectrum,"Ellis, Richard S.",3,55811.43599197917,55811.437427164354,80.0,OPTICAL,524.0,1027.0,Towards a Physical Understanding of the Diversity of Type Ia Supernovae,56177.56493042,12298,GO,,POLYGON 210.77226320723247 54.26635031006585 210.7721677905091 54.266359178508836 210.7760734666181 54.280686756568485 210.77616888334148 54.2806778881255 210.77226320723247 54.26635031006585,mast:HST/product/obnd46060_sx1.png,mast:HST/product/obnd46060_sx1.fits,PUBLIC,False,nan,24963071,1004302869,524.0,1027.0,1004302869,0.0
science,HST,CALSTIS,STIS/CCD,HST,MIRVIS,OPTICAL,PTF11KLY,EXT-STAR;SUPERNOVA TYPE IA,obnd49slq,210.7742208333,54.27371111111,image,"Ellis, Richard S.",1,55804.28430274306,55804.287024618054,30.1,OPTICAL,nan,nan,Towards a Physical Understanding of the Diversity of Type Ia Supernovae,56170.39866897,12298,GO,,POLYGON 210.77504198660972 54.272813416768344 210.77273616955503 54.27323238423865 210.77345388758476 54.27457916161524 210.77575970463948 54.27416019414493 210.77504198660972 54.272813416768344,,mast:HST/product/obnd49slq_raw.fits,PUBLIC,False,nan,24524785,899359207,nan,nan,899359207,0.0
science,HST,CALSTIS,STIS/CCD,HST,G430L,OPTICAL,PTF11KLY,EXT-STAR;SUPERNOVA TYPE IA,obnd47040,210.7742043085,54.2736143689,spectrum,"Ellis, Richard S.",3,55814.429938657406,55814.43137384259,80.0,OPTICAL,290.0,570.0,Towards a Physical Understanding of the Diversity of Type Ia Supernovae,56180.62826381,12298,GO,,POLYGON 210.77207318271712 54.26091653346676 210.77197702714136 54.26092213351921 210.77444288738127 54.275358247051656 210.77453904295703 54.27535264699921 210.77207318271712 54.26091653346676,mast:HST/product/obnd47040_sx1.png,mast:HST/product/obnd47040_sx1.fits,PUBLIC,False,nan,24963076,1004218544,290.0,570.0,1004218544,0.0
science,HST,CALSTIS,STIS/NUV-MAMA,HST,G230L,UV,PTF11KLY,EXT-STAR;SUPERNOVA TYPE IA,obnd49010,210.7742208333,54.27371111111,spectrum,"Ellis, Richard S.",3,55804.290124224535,55804.31717271991,2200.0,UV,157.0,318.0,Towards a Physical Understanding of the Diversity of Type Ia Supernovae,56170.47442134,12298,GO,,POLYGON 210.77254115651834 54.270381553469214 210.7724487006761 54.27039793413987 210.77595641426703 54.277148251940744 210.77604887010924 54.277131871270086 210.77254115651834 54.270381553469214,,mast:HST/product/obnd49010_sx2.fits,PUBLIC,False,nan,24963081,1004252959,157.0,318.0,1004252959,0.0
science,HST,CALSTIS,STIS/CCD,HST,G430L,OPTICAL,PTF11KLY,EXT-STAR;SUPERNOVA TYPE IA,obnd50030,210.7753967434,54.27978353135,spectrum,"Ellis, Richard S.",3,55817.67837642361,55817.679811608796,80.0,OPTICAL,290.0,570.0,Towards a Physical Understanding of the Diversity of Type Ia Supernovae,56184.05246524,12298,GO,,POLYGON 210.77402989918014 54.272475161182754 210.773933878692 54.272481500068714 210.7767259518777 54.28689758001072 210.77682197236584 54.286891241124756 210.77402989918014 54.272475161182754,mast:HST/product/obnd50030_sx1.png,mast:HST/product/obnd50030_sx1.fits,PUBLIC,False,nan,24963084,1004751603,290.0,570.0,1004751603,0.0
science,HST,CALSTIS,STIS/FUV-MAMA,HST,G140L,UV,PTF11KLY,EXT-STAR;SUPERNOVA TYPE IA,obnd50090,210.7742208333,54.27371111111,spectrum,"Ellis, Richard S.",3,55817.78798310185,55817.82189513889,2930.0,UV,115.0,173.0,Towards a Physical Understanding of the Diversity of Type Ia Supernovae,56184.05688657,12298,GO,,POLYGON 210.77379180833202 54.27124422198499 210.7736958018174 54.27125055996436 210.77504205789845 54.27820360391081 210.77513806441303 54.27819726593145 210.77379180833202 54.27124422198499,,,PUBLIC,False,nan,24963090,1004768412,115.0,173.0,1004768412,0.0
science,HST,CALSTIS,STIS/NUV-MAMA,HST,G230L,UV,PTF11KLY,EXT-STAR;SUPERNOVA TYPE IA,obnd51080,210.7742208333,54.27371111111,spectrum,"Ellis, Richard S.",3,55823.644209756945,55823.67727681713,2720.0,UV,157.0,318.0,Towards a Physical Understanding of the Diversity of Type Ia Supernovae,56189.75276617,12298,GO,,POLYGON 210.77430570712335 54.270212899601695 210.77420909077313 54.27021255528833 210.77413536041752 54.27726663703248 210.77423197676774 54.277266981345846 210.77430570712335 54.270212899601695,,mast:HST/product/obnd51080_sx2.fits,PUBLIC,False,nan,24963099,1004768431,157.0,318.0,1004768431,0.0
science,HST,CALSTIS,STIS/CCD,HST,G230LB,UV,PTF11KLY,EXT-STAR;SUPERNOVA TYPE IA,obnd46010,210.7742208333,54.27371111111,spectrum,"Ellis, Richard S.",3,55811.40836458333,55811.41500836806,530.0,UV,168.0,306.0,Towards a Physical Understanding of the Diversity of Type Ia Supernovae,56177.56427074,12298,GO,,POLYGON 210.77082321164806 54.26110763473132 210.7707277801577 54.26111650459841 210.77463344071367 54.27544387547484 210.77472887220407 54.27543500560774 210.77082321164806 54.26110763473132,mast:HST/product/obnd46010_sx1.png,mast:HST/product/obnd46010_sx1.fits,PUBLIC,False,nan,24963066,1004829549,168.0,306.0,1004829549,0.0
science,HST,CALSTIS,STIS/CCD,HST,MIRVIS,OPTICAL,PTF11KLY,EXT-STAR;SUPERNOVA TYPE IA,obnd44rwq,210.7742208333,54.27371111111,image,"Ellis, Richard S.",1,55804.21775200232,55804.22047353009,30.1,OPTICAL,nan,nan,Towards a Physical Understanding of the Diversity of Type Ia Supernovae,56170.39809021,12298,GO,,POLYGON 210.77504004436506 54.27281281168209 210.77273513506162 54.27323347928322 210.77345576567427 54.274579726742765 210.77576067497768 54.274159059141624 210.77504004436506 54.27281281168209,,mast:HST/product/obnd44rwq_raw.fits,PUBLIC,False,nan,24524780,899359070,nan,nan,899359070,0.0
science,HST,CALSTIS,STIS/CCD,HST,MIRVIS,OPTICAL,PTF11KLY,EXT-STAR;SUPERNOVA TYPE IA,obnd47g5q,210.7742208333,54.27371111111,image,"Ellis, Richard S.",1,55814.40576126157,55814.40825127315,20.1,OPTICAL,nan,nan,Towards a Physical Understanding of the Diversity of Type Ia Supernovae,56180.48383108,12298,GO,,POLYGON 210.7753245697951 54.27292345758305 210.77292336045124 54.273073343369454 210.77318012167913 54.27447582257701 210.77558133102295 54.2743259367906 210.7753245697951 54.27292345758305,,mast:HST/product/obnd47g5q_raw.fits,PUBLIC,False,nan,24524783,899359191,nan,nan,899359191,0.0
science,HST,CALSTIS,STIS/CCD,HST,MIRVIS,OPTICAL,PTF11KLY,EXT-STAR;SUPERNOVA TYPE IA,obnd48msq,210.7742208333,54.27371111111,image,"Ellis, Richard S.",1,55801.1620690162,55801.16414278935,2.1,OPTICAL,nan,nan,Towards a Physical Understanding of the Diversity of Type Ia Supernovae,56167.36407408,12298,GO,,POLYGON 210.77495004701535 54.272786742949656 210.77269047207017 54.273284257149655 210.77354274417294 54.274604023212056 210.77580231911816 54.27410650901206 210.77495004701535 54.272786742949656,,mast:HST/product/obnd48msq_raw.fits,PUBLIC,False,nan,24524784,899359205,nan,nan,899359205,0.0
science,HST,CALSTIS,STIS/CCD,HST,G750L,OPTICAL,PTF11KLY,EXT-STAR;SUPERNOVA TYPE IA,obnd46050,210.7742208333,54.27371111111,spectrum,"Ellis, Richard S.",3,55811.433746793984,55811.43518197917,80.0,OPTICAL,524.0,1027.0,Towards a Physical Understanding of the Diversity of Type Ia Supernovae,56177.56486097,12298,GO,,POLYGON 210.77228937583257 54.26644632358585 210.77219395888687 54.266455192028836 210.77609964409532 54.280782770088486 210.77619506104102 54.2807739016455 210.77228937583257 54.26644632358585,mast:HST/product/obnd46050_sx1.png,mast:HST/product/obnd46050_sx1.fits,PUBLIC,False,nan,24963070,1004229756,524.0,1027.0,1004229756,0.0
science,HST,CALSTIS,STIS/CCD,HST,G430L,OPTICAL,PTF11KLY,EXT-STAR;SUPERNOVA TYPE IA,obnd44020,210.7741722883,54.27361811294,spectrum,"Ellis, Richard S.",3,55804.23094568287,55804.238144675925,578.0,OPTICAL,290.0,570.0,Towards a Physical Understanding of the Diversity of Type Ia Supernovae,56170.39855317,12298,GO,,POLYGON 210.7678376525774 54.261407389554854 210.76774521833326 54.261423840890494 210.77498920372918 54.275301258930256 210.77508163797333 54.275284807594616 210.7678376525774 54.261407389554854,mast:HST/product/obnd44020_sx1.png,mast:HST/product/obnd44020_sx1.fits,PUBLIC,False,nan,24963058,1004286356,290.0,570.0,1004286356,0.0
science,HST,CALSTIS,STIS/CCD,HST,G750L,OPTICAL,PTF11KLY,EXT-STAR;SUPERNOVA TYPE IA,obnd43020,210.7742208333,54.27371111111,spectrum,"Ellis, Richard S.",3,55801.11054050926,55801.12315625,1002.0,OPTICAL,524.0,1027.0,Towards a Physical Understanding of the Diversity of Type Ia Supernovae,56167.22436347,12298,GO,,POLYGON 210.76989061759227 54.26680778526873 210.76980002160388 54.26682739150436 210.77843465844623 54.28043106625806 210.77852525443458 54.280411460022435 210.76989061759227 54.26680778526873,mast:HST/product/obnd43020_sx1.png,mast:HST/product/obnd43020_sx1.fits,PUBLIC,False,nan,24963055,1004296374,524.0,1027.0,1004296374,0.0
science,HST,CALSTIS,STIS/CCD,HST,G430L,OPTICAL,PTF11KLY,EXT-STAR;SUPERNOVA TYPE IA,obnd51040,210.7742218495,54.2736138907,spectrum,"Ellis, Richard S.",3,55823.60113086805,55823.60256605324,80.0,OPTICAL,290.0,570.0,Towards a Physical Understanding of the Diversity of Type Ia Supernovae,56189.65712958,12298,GO,,POLYGON 210.77439281729187 54.26085561568421 210.7742961864223 54.26085527135237 210.7741445674534 54.27536274228408 210.77424119832295 54.27536308661592 210.77439281729187 54.26085561568421,mast:HST/product/obnd51040_sx1.png,mast:HST/product/obnd51040_sx1.fits,PUBLIC,False,nan,24963095,1004316132,290.0,570.0,1004316132,0.0
science,HST,CALSTIS,STIS/CCD,HST,G430L,OPTICAL,PTF11KLY,EXT-STAR;SUPERNOVA TYPE IA,obnd50040,210.775378033,54.27968692476,spectrum,"Ellis, Richard S.",3,55817.68062160879,55817.68205679398,80.0,OPTICAL,290.0,570.0,Towards a Physical Understanding of the Diversity of Type Ia Supernovae,56184.05252311,12298,GO,,POLYGON 210.77401119208918 54.27237855458612 210.77391517182608 54.27238489347161 210.7767072382597 54.28680097342718 210.7768032585228 54.28679463454168 210.77401119208918 54.27237855458612,mast:HST/product/obnd50040_sx1.png,mast:HST/product/obnd50040_sx1.fits,PUBLIC,False,nan,24963085,1004713697,290.0,570.0,1004713697,0.0
science,HST,CALSTIS,STIS/CCD,HST,G430L,OPTICAL,PTF11KLY,EXT-STAR;SUPERNOVA TYPE IA,obnd44010,210.7742208333,54.27371111111,spectrum,"Ellis, Richard S.",3,55804.22293642361,55804.23013541667,578.0,OPTICAL,290.0,570.0,Towards a Physical Understanding of the Diversity of Type Ia Supernovae,56170.3984953,12298,GO,,POLYGON 210.76788618258635 54.26150038784799 210.76779374813455 54.26151683918543 210.77503775066862 54.27539425708438 210.77513018512042 54.27537780574694 210.76788618258635 54.26150038784799,mast:HST/product/obnd44010_sx1.png,mast:HST/product/obnd44010_sx1.fits,PUBLIC,False,nan,24963057,1004713707,290.0,570.0,1004713707,0.0
science,HST,CALSTIS,STIS/CCD,HST,G750L,OPTICAL,PTF11KLY,EXT-STAR;SUPERNOVA TYPE IA,obnd44040,210.7741722883,54.27361811294,spectrum,"Ellis, Richard S.",3,55804.24709163194,55804.25234614583,410.0,OPTICAL,524.0,1027.0,Towards a Physical Understanding of the Diversity of Type Ia Supernovae,56170.39872684,12298,GO,,POLYGON 210.77054762747676 54.266577549488964 210.7704552073466 54.266593998328325 210.77769930236607 54.280471613123844 210.77779172249623 54.28045516428448 210.77054762747676 54.266577549488964,mast:HST/product/obnd44040_sx1.png,mast:HST/product/obnd44040_sx1.fits,PUBLIC,False,nan,24963060,1004748490,524.0,1027.0,1004748490,0.0
science,HST,CALSTIS,STIS/CCD,HST,G230LB,UV,PTF11KLY,EXT-STAR;SUPERNOVA TYPE IA,obnd51010,210.7742208333,54.27371111111,spectrum,"Ellis, Richard S.",3,55823.582600891204,55823.58889699074,500.0,UV,168.0,306.0,Towards a Physical Understanding of the Diversity of Type Ia Supernovae,56189.65684027,12298,GO,,POLYGON 210.77439180133183 54.260952836093466 210.7742951702343 54.260952491762055 210.77414355109346 54.27545996269442 210.774240182191 54.27546030702584 210.77439180133183 54.260952836093466,mast:HST/product/obnd51010_sx1.png,mast:HST/product/obnd51010_sx1.fits,PUBLIC,False,nan,24963092,1004748495,168.0,306.0,1004748495,0.0
science,HST,CALSTIS,STIS/CCD,HST,G750L,OPTICAL,PTF11KLY,EXT-STAR;SUPERNOVA TYPE IA,obnd50050,210.7753967434,54.27978353135,spectrum,"Ellis, Richard S.",3,55817.686987534726,55817.68830671296,70.0,OPTICAL,524.0,1027.0,Towards a Physical Understanding of the Diversity of Type Ia Supernovae,56184.05398145,12298,GO,,POLYGON 210.77402989918014 54.272475161182754 210.773933878692 54.272481500068714 210.7767259518777 54.28689758001072 210.77682197236584 54.286891241124756 210.77402989918014 54.272475161182754,mast:HST/product/obnd50050_sx1.png,mast:HST/product/obnd50050_sx1.fits,PUBLIC,False,nan,24963086,1004778330,524.0,1027.0,1004778330,0.0
science,HST,CALSTIS,STIS/CCD,HST,G230LB,UV,PTF11KLY,EXT-STAR;SUPERNOVA TYPE IA,obnd47020,210.7742043085,54.2736143689,spectrum,"Ellis, Richard S.",3,55814.418167905096,55814.42481134259,530.0,UV,168.0,306.0,Towards a Physical Understanding of the Diversity of Type Ia Supernovae,56180.62813649,12298,GO,,POLYGON 210.77207318271712 54.26091653346676 210.77197702714136 54.26092213351921 210.77444288738127 54.275358247051656 210.77453904295703 54.27535264699921 210.77207318271712 54.26091653346676,mast:HST/product/obnd47020_sx1.png,mast:HST/product/obnd47020_sx1.fits,PUBLIC,False,nan,24963074,1004779636,168.0,306.0,1004779636,0.0
science,HST,CALSTIS,STIS/CCD,HST,G430L,OPTICAL,PTF11KLY,EXT-STAR;SUPERNOVA TYPE IA,obnd47030,210.7742208333,54.27371111111,spectrum,"Ellis, Richard S.",3,55814.4276934838,55814.429128668984,80.0,OPTICAL,290.0,570.0,Towards a Physical Understanding of the Diversity of Type Ia Supernovae,56180.62819436,12298,GO,,POLYGON 210.77208966179404 54.26101327800697 210.77199350601055 54.26101887816455 210.77445941833372 54.27545498900079 210.77455557411724 54.275449388843214 210.77208966179404 54.26101327800697,mast:HST/product/obnd47030_sx1.png,mast:HST/product/obnd47030_sx1.fits,PUBLIC,False,nan,24963075,1004785189,290.0,570.0,1004785189,0.0
science,HST,CALSTIS,STIS/FUV-MAMA,HST,G140L,UV,PTF11KLY,EXT-STAR;SUPERNOVA TYPE IA,obnd50080,210.7742208333,54.27371111111,spectrum,"Ellis, Richard S.",3,55817.72431385417,55817.75533237268,2680.0,UV,115.0,173.0,Towards a Physical Understanding of the Diversity of Type Ia Supernovae,56184.05637731,12298,GO,,POLYGON 210.77379180833202 54.27124422198499 210.7736958018174 54.27125055996436 210.77504205789845 54.27820360391081 210.77513806441303 54.27819726593145 210.77379180833202 54.27124422198499,,,PUBLIC,False,nan,24963089,1004789526,115.0,173.0,1004789526,0.0
science,HST,CALSTIS,STIS/CCD,HST,MIRVIS,OPTICAL,PTF11KLY,EXT-STAR;SUPERNOVA TYPE IA,obnd46odq,210.7742208333,54.27371111111,image,"Ellis, Richard S.",1,55811.40341160879,55811.40590204861,20.1,OPTICAL,nan,nan,Towards a Physical Understanding of the Diversity of Type Ia Supernovae,56177.5641087,12298,GO,,POLYGON 210.77524389971555 54.27288716125308 210.77286178640352 54.273118679871445 210.7732583893021 54.27451000872493 210.77564050261412 54.274278490106575 210.77524389971555 54.27288716125308,,mast:HST/product/obnd46odq_raw.fits,PUBLIC,False,nan,24524782,899359058,nan,nan,899359058,0.0
science,HST,CALSTIS,STIS/CCD,HST,MIRVIS,OPTICAL,PTF11KLY,EXT-STAR;SUPERNOVA TYPE IA,obnd45sjq,210.7742208333,54.27371111111,image,"Ellis, Richard S.",1,55807.411733483794,55807.41422353009,20.1,OPTICAL,nan,nan,Towards a Physical Understanding of the Diversity of Type Ia Supernovae,56173.47393517,12298,GO,,POLYGON 210.77515686452847 54.27285260557365 210.77280302680117 54.2731676552995 210.77334272435263 54.27454247350598 210.77569656207996 54.274227423780125 210.77515686452847 54.27285260557365,,mast:HST/product/obnd45sjq_raw.fits,PUBLIC,False,nan,24524781,899359066,nan,nan,899359066,0.0
science,HST,CALSTIS,STIS/CCD,HST,MIRVIS,OPTICAL,PTF11KLY,EXT-STAR;SUPERNOVA TYPE IA,obnd50lmq,210.7742208333,54.27371111111,image,"Ellis, Richard S.",1,55817.658052743056,55817.660543136575,20.1,OPTICAL,nan,nan,Towards a Physical Understanding of the Diversity of Type Ia Supernovae,56184.05158565,12298,GO,,POLYGON 210.77530670743013 54.27291503712841 210.77290909457201 54.273083371362745 210.77319746098388 54.274483760387064 210.775595073842 54.274315426152725 210.77530670743013 54.27291503712841,,mast:HST/product/obnd50lmq_raw.fits,PUBLIC,False,nan,24524786,899362236,nan,nan,899362236,0.0
science,HST,CALSTIS,STIS/CCD,HST,MIRVIS,OPTICAL,PTF11KLY,EXT-STAR;SUPERNOVA TYPE IA,obnd43mfq,210.7742208333,54.27371111111,image,"Ellis, Richard S.",1,55801.088214965275,55801.09028834491,2.1,OPTICAL,nan,nan,Towards a Physical Understanding of the Diversity of Type Ia Supernovae,56167.22285877,12298,GO,,POLYGON 210.77494785191897 54.272786152721615 210.77268945873786 54.273285496236646 210.77354486456622 54.27460457205394 210.77580325774733 54.274105228538915 210.77494785191897 54.272786152721615,,mast:HST/product/obnd43mfq_raw.fits,PUBLIC,False,nan,24524779,899365020,nan,nan,899365020,0.0
science,HST,CALSTIS,STIS/CCD,HST,G750L,OPTICAL,PTF11KLY,EXT-STAR;SUPERNOVA TYPE IA,obnd45030,210.7742208333,54.27371111111,spectrum,"Ellis, Richard S.",3,55807.44253125,55807.44580690972,195.0,OPTICAL,524.0,1027.0,Towards a Physical Understanding of the Diversity of Type Ia Supernovae,56173.57142347,12298,GO,,POLYGON 210.77154196388074 54.26652763914232 210.77144763759063 54.26653985421932 210.77682718907116 54.280703662072035 210.77692151536127 54.280691446995036 210.77154196388074 54.26652763914232,mast:HST/product/obnd45030_sx1.png,mast:HST/product/obnd45030_sx1.fits,PUBLIC,False,nan,24963064,1004077036,524.0,1027.0,1004077036,0.0
science,HST,CALSTIS,STIS/CCD,HST,G230LB,UV,PTF11KLY,EXT-STAR;SUPERNOVA TYPE IA,obnd46020,210.7741946602,54.27361509759,spectrum,"Ellis, Richard S.",3,55811.41581828704,55811.42246207176,530.0,UV,168.0,306.0,Towards a Physical Understanding of the Diversity of Type Ia Supernovae,56177.56432861,12298,GO,,POLYGON 210.77079708706106 54.26101161747987 210.77070165576447 54.261020487242156 210.77460726107097 54.27534786240798 210.77470269236758 54.27533899264569 210.77079708706106 54.26101161747987,mast:HST/product/obnd46020_sx1.png,mast:HST/product/obnd46020_sx1.fits,PUBLIC,False,nan,24963067,1004247031,168.0,306.0,1004247031,0.0
science,HST,CALSTIS,STIS/CCD,HST,G750L,OPTICAL,PTF11KLY,EXT-STAR;SUPERNOVA TYPE IA,obnd50060,210.775378033,54.27968692476,spectrum,"Ellis, Richard S.",3,55817.68911716435,55817.69043634259,70.0,OPTICAL,524.0,1027.0,Towards a Physical Understanding of the Diversity of Type Ia Supernovae,56184.05461808,12298,GO,,POLYGON 210.77401119208918 54.27237855458612 210.77391517182608 54.27238489347161 210.7767072382597 54.28680097342718 210.7768032585228 54.28679463454168 210.77401119208918 54.27237855458612,mast:HST/product/obnd50060_sx1.png,mast:HST/product/obnd50060_sx1.fits,PUBLIC,False,nan,24963087,1004274769,524.0,1027.0,1004274769,0.0
science,HST,CALSTIS,STIS/CCD,HST,G430L,OPTICAL,PTF11KLY,EXT-STAR;SUPERNOVA TYPE IA,obnd46040,210.7741946602,54.27361509759,spectrum,"Ellis, Richard S.",3,55811.42758938657,55811.42902457176,80.0,OPTICAL,290.0,570.0,Towards a Physical Understanding of the Diversity of Type Ia Supernovae,56177.56468736,12298,GO,,POLYGON 210.77079708706106 54.26101161747987 210.77070165576447 54.261020487242156 210.77460726107097 54.27534786240798 210.77470269236758 54.27533899264569 210.77079708706106 54.26101161747987,mast:HST/product/obnd46040_sx1.png,mast:HST/product/obnd46040_sx1.fits,PUBLIC,False,nan,24963069,1004283470,290.0,570.0,1004283470,0.0
science,HST,CALSTIS,STIS/CCD,HST,G750L,OPTICAL,PTF11KLY,EXT-STAR;SUPERNOVA TYPE IA,obnd51050,210.7742208333,54.27371111111,spectrum,"Ellis, Richard S.",3,55823.60728827546,55823.608607835646,70.0,OPTICAL,524.0,1027.0,Towards a Physical Understanding of the Diversity of Type Ia Supernovae,56189.65789342,12298,GO,,POLYGON 210.7743459817149 54.26635966629497 210.77424936536468 54.266359321981604 210.7740977288688 54.2808669997262 210.77419434521903 54.28086734403957 210.7743459817149 54.26635966629497,mast:HST/product/obnd51050_sx1.png,mast:HST/product/obnd51050_sx1.fits,PUBLIC,False,nan,24963096,1004291740,524.0,1027.0,1004291740,0.0
science,HST,CALSTIS,STIS/CCD,HST,G750L,OPTICAL,PTF11KLY,EXT-STAR;SUPERNOVA TYPE IA,obnd51060,210.7742218495,54.2736138907,spectrum,"Ellis, Richard S.",3,55823.60941790509,55823.61073746528,70.0,OPTICAL,524.0,1027.0,Towards a Physical Understanding of the Diversity of Type Ia Supernovae,56189.6593402,12298,GO,,POLYGON 210.77434699771382 54.26626244588551 210.77425038159151 54.266262101571726 210.7740987452676 54.28076977931566 210.77419536138987 54.280770123629445 210.77434699771382 54.26626244588551,mast:HST/product/obnd51060_sx1.png,mast:HST/product/obnd51060_sx1.fits,PUBLIC,False,nan,24963097,1004308562,524.0,1027.0,1004308562,0.0
science,HST,CALSTIS,STIS/CCD,HST,G430L,OPTICAL,PTF11KLY,EXT-STAR;SUPERNOVA TYPE IA,obnd43010,210.7742208333,54.27371111111,spectrum,"Ellis, Richard S.",3,55801.09275123842,55801.10765864584,1200.0,OPTICAL,290.0,570.0,Towards a Physical Understanding of the Diversity of Type Ia Supernovae,56167.22309031,12298,GO,,POLYGON 210.76666260075663 54.261740069519824 210.76657199094694 54.2617596787586 210.77520650932044 54.27536315852916 210.77529711913013 54.27534354929038 210.76666260075663 54.261740069519824,mast:HST/product/obnd43010_sx1.png,mast:HST/product/obnd43010_sx1.fits,PUBLIC,False,nan,24963054,1004316148,290.0,570.0,1004316148,0.0
science,HST,CALSTIS,STIS/CCD,HST,G430L,OPTICAL,PTF11KLY,EXT-STAR;SUPERNOVA TYPE IA,obnd45020,210.7742208333,54.27371111111,spectrum,"Ellis, Richard S.",3,55807.43637384259,55807.43964950232,195.0,OPTICAL,290.0,570.0,Towards a Physical Understanding of the Diversity of Type Ia Supernovae,56173.5713656,12298,GO,,POLYGON 210.76952665385085 54.26125035315881 210.76943231316923 54.26126257011583 210.7748117948058 54.27542617511663 210.7749061354874 54.275413958159604 210.76952665385085 54.26125035315881,mast:HST/product/obnd45020_sx1.png,mast:HST/product/obnd45020_sx1.fits,PUBLIC,False,nan,24963063,1004704502,290.0,570.0,1004704502,0.0
science,HST,CALSTIS,STIS/NUV-MAMA,HST,G230L,UV,PTF11KLY,EXT-STAR;SUPERNOVA TYPE IA,obnd48010,210.7742208333,54.27371111111,spectrum,"Ellis, Richard S.",3,55801.16724236111,55801.256107905094,5400.0,UV,157.0,318.0,Towards a Physical Understanding of the Diversity of Type Ia Supernovae,56167.36575233,12298,GO,,POLYGON 210.77220812734504 54.270445121028644 210.77211748488602 54.27046465389477 210.7763002012978 54.277082574297786 210.77639084375681 54.27706304143166 210.77220812734504 54.270445121028644,,mast:HST/product/obnd48010_sx2.fits,PUBLIC,False,nan,24963080,1004713715,157.0,318.0,1004713715,0.0
science,HST,CALSTIS,STIS/CCD,HST,G750L,OPTICAL,PTF11KLY,EXT-STAR;SUPERNOVA TYPE IA,obnd47060,210.7742043085,54.2736143689,spectrum,"Ellis, Richard S.",3,55814.46702199074,55814.46845717593,80.0,OPTICAL,524.0,1027.0,Towards a Physical Understanding of the Diversity of Type Ia Supernovae,56180.62836797,12298,GO,,POLYGON 210.7730027955679 54.266296113353455 210.77290665467888 54.26630171262369 210.77537258197253 54.28073803014759 210.77546872286152 54.28073243087736 210.7730027955679 54.266296113353455,mast:HST/product/obnd47060_sx1.png,mast:HST/product/obnd47060_sx1.fits,PUBLIC,False,nan,24963078,1004726070,524.0,1027.0,1004726070,0.0
science,HST,CALSTIS,STIS/CCD,HST,G230LB,UV,PTF11KLY,EXT-STAR;SUPERNOVA TYPE IA,obnd50020,210.775378033,54.27968692476,spectrum,"Ellis, Richard S.",3,55817.669568287034,55817.674886574074,415.0,UV,168.0,306.0,Towards a Physical Understanding of the Diversity of Type Ia Supernovae,56184.05240737,12298,GO,,POLYGON 210.77401119208918 54.27237855458612 210.77391517182608 54.27238489347161 210.7767072382597 54.28680097342718 210.7768032585228 54.28679463454168 210.77401119208918 54.27237855458612,mast:HST/product/obnd50020_sx1.png,mast:HST/product/obnd50020_sx1.fits,PUBLIC,False,nan,24963083,1004726082,168.0,306.0,1004726082,0.0
science,HST,CALSTIS,STIS/CCD,HST,G430L,OPTICAL,PTF11KLY,EXT-STAR;SUPERNOVA TYPE IA,obnd46030,210.7742208333,54.27371111111,spectrum,"Ellis, Richard S.",3,55811.42534383102,55811.426779016205,80.0,OPTICAL,290.0,570.0,Towards a Physical Understanding of the Diversity of Type Ia Supernovae,56177.56462949,12298,GO,,POLYGON 210.77082321164806 54.26110763473132 210.7707277801577 54.26111650459841 210.77463344071367 54.27544387547484 210.77472887220407 54.27543500560774 210.77082321164806 54.26110763473132,mast:HST/product/obnd46030_sx1.png,mast:HST/product/obnd46030_sx1.fits,PUBLIC,False,nan,24963068,1004737777,290.0,570.0,1004737777,0.0
science,HST,CALSTIS,STIS/CCD,HST,G230LB,UV,PTF11KLY,EXT-STAR;SUPERNOVA TYPE IA,obnd50010,210.7753967434,54.27978353135,spectrum,"Ellis, Richard S.",3,55817.66343422454,55817.66875251158,415.0,UV,168.0,306.0,Towards a Physical Understanding of the Diversity of Type Ia Supernovae,56184.05199075,12298,GO,,POLYGON 210.77402989918014 54.272475161182754 210.773933878692 54.272481500068714 210.7767259518777 54.28689758001072 210.77682197236584 54.286891241124756 210.77402989918014 54.272475161182754,mast:HST/product/obnd50010_sx1.png,mast:HST/product/obnd50010_sx1.fits,PUBLIC,False,nan,24963082,1004748502,168.0,306.0,1004748502,0.0
science,HST,CALSTIS,STIS/CCD,HST,G750L,OPTICAL,PTF11KLY,EXT-STAR;SUPERNOVA TYPE IA,obnd47050,210.7742208333,54.27371111111,spectrum,"Ellis, Richard S.",3,55814.46477681713,55814.46621200231,80.0,OPTICAL,524.0,1027.0,Towards a Physical Understanding of the Diversity of Type Ia Supernovae,56180.6283101,12298,GO,,POLYGON 210.77301931744304 54.2663928555693 210.77292317632845 54.26639845484 210.77538910961658 54.280834772351916 210.77548525073118 54.280829173081216 210.77301931744304 54.2663928555693,mast:HST/product/obnd47050_sx1.png,mast:HST/product/obnd47050_sx1.fits,PUBLIC,False,nan,24963077,1004768430,524.0,1027.0,1004768430,0.0
science,HST,CALSTIS,STIS/CCD,HST,G430L,OPTICAL,PTF11KLY,EXT-STAR;SUPERNOVA TYPE IA,obnd51030,210.7742208333,54.27371111111,spectrum,"Ellis, Richard S.",3,55823.59888568287,55823.600320868056,80.0,OPTICAL,290.0,570.0,Towards a Physical Understanding of the Diversity of Type Ia Supernovae,56189.65708328,12298,GO,,POLYGON 210.77439180133183 54.260952836093466 210.7742951702343 54.260952491762055 210.77414355109346 54.27545996269442 210.774240182191 54.27546030702584 210.77439180133183 54.260952836093466,mast:HST/product/obnd51030_sx1.png,mast:HST/product/obnd51030_sx1.fits,PUBLIC,False,nan,24963094,1004785169,290.0,570.0,1004785169,0.0
science,HST,CALSTIS,STIS/CCD,HST,G230LB,UV,PTF11KLY,EXT-STAR;SUPERNOVA TYPE IA,obnd51020,210.7742218495,54.2736138907,spectrum,"Ellis, Richard S.",3,55823.589707175925,55823.59600366898,500.0,UV,168.0,306.0,Towards a Physical Understanding of the Diversity of Type Ia Supernovae,56189.65689814,12298,GO,,POLYGON 210.77439281729187 54.26085561568421 210.7742961864223 54.26085527135237 210.7741445674534 54.27536274228408 210.77424119832295 54.27536308661592 210.77439281729187 54.26085561568421,mast:HST/product/obnd51020_sx1.png,mast:HST/product/obnd51020_sx1.fits,PUBLIC,False,nan,24963093,1004799359,168.0,306.0,1004799359,0.0
science,HST,CALSTIS,STIS/CCD,HST,G230LB,UV,PTF11KLY,EXT-STAR;SUPERNOVA TYPE IA,obnd47010,210.7742208333,54.27371111111,spectrum,"Ellis, Richard S.",3,55814.41071420139,55814.417357638886,530.0,UV,168.0,306.0,Towards a Physical Understanding of the Diversity of Type Ia Supernovae,56180.48412039,12298,GO,,POLYGON 210.77208966179404 54.26101327800697 210.77199350601055 54.26101887816455 210.77445941833372 54.27545498900079 210.77455557411724 54.275449388843214 210.77208966179404 54.26101327800697,mast:HST/product/obnd47010_sx1.png,mast:HST/product/obnd47010_sx1.fits,PUBLIC,False,nan,24963073,1004804863,168.0,306.0,1004804863,0.0
science,HST,CALSTIS,STIS/FUV-MAMA,HST,G140L,UV,PTF11KLY,EXT-STAR;SUPERNOVA TYPE IA,obnd500a0,210.7742208333,54.27371111111,spectrum,"Ellis, Richard S.",3,55817.85449903935,55817.88841107639,2930.0,UV,115.0,173.0,Towards a Physical Understanding of the Diversity of Type Ia Supernovae,56184.09717594,12298,GO,,POLYGON 210.77379180833202 54.27124422198499 210.7736958018174 54.27125055996436 210.77504205789845 54.27820360391081 210.77513806441303 54.27819726593145 210.77379180833202 54.27124422198499,,,PUBLIC,False,nan,24963091,1004804873,115.0,173.0,1004804873,0.0
science,HST,CALSTIS,STIS/CCD,HST,G750L,OPTICAL,PTF11KLY,EXT-STAR;SUPERNOVA TYPE IA,obnd44030,210.7742208333,54.27371111111,spectrum,"Ellis, Richard S.",3,55804.24102681713,55804.24628133102,410.0,OPTICAL,524.0,1027.0,Towards a Physical Understanding of the Diversity of Type Ia Supernovae,56170.3986111,12298,GO,,POLYGON 210.77059616429725 54.26667054765897 210.77050374395853 54.26668699649833 210.77774785532523 54.28056461129385 210.77784027566395 54.28054816245449 210.77059616429725 54.26667054765897,mast:HST/product/obnd44030_sx1.png,mast:HST/product/obnd44030_sx1.fits,PUBLIC,False,nan,24963059,1004833703,524.0,1027.0,1004833703,0.0
