obsID,obs_collection,dataproduct_type,obs_id,description,type,dataURI,productType,productGroupDescription,productSubGroupDescription,productDocumentationURL,project,prvversion,proposal_id,productFilename,size,parent_obsid,dataRights,calib_level,filters
24963054,HST,spectrum,obnd43010,DADS SX1 file - Calibrated combined 1D spectrum STIS,D,mast:HST/product/obnd43010_sx1.fits,SCIENCE,Minimum Recommended Products,SX1,,CALSTIS,3.4.2 (19-Jan-2018),12298,obnd43010_sx1.fits,80640,24963054,PUBLIC,3,G430L
24963055,HST,spectrum,obnd43020,DADS SX1 file - Calibrated combined 1D spectrum STIS,D,mast:HST/product/obnd43020_sx1.fits,SCIENCE,Minimum Recommended Products,SX1,,CALSTIS,3.4.2 (19-Jan-2018),12298,obnd43020_sx1.fits,80640,24963055,PUBLIC,3,G750L
24963057,HST,spectrum,obnd44010,DADS SX1 file - Calibrated combined 1D spectrum STIS,D,mast:HST/product/obnd44010_sx1.fits,SCIENCE,Minimum Recommended Products,SX1,,CALSTIS,3.4.2 (19-Jan-2018),12298,obnd44010_sx1.fits,80640,24963057,PUBLIC,3,G430L
24963058,HST,spectrum,obnd44020,DADS SX1 file - Calibrated combined 1D spectrum STIS,D,mast:HST/product/obnd44020_sx1.fits,SCIENCE,Minimum Recommended Products,SX1,,CALSTIS,3.4.2 (19-Jan-2018),12298,obnd44020_sx1.fits,80640,24963058,PUBLIC,3,G430L
24963059,HST,spectrum,obnd44030,DADS SX1 file - Calibrated combined 1D spectrum STIS,D,mast:HST/product/obnd44030_sx1.fits,SCIENCE,Minimum Recommended Products,SX1,,CALSTIS,3.4.2 (19-Jan-2018),12298,obnd44030_sx1.fits,80640,24963059,PUBLIC,3,G750L
24963060,HST,spectrum,obnd44040,DADS SX1 file - Calibrated combined 1D spectrum STIS,D,mast:HST/product/obnd44040_sx1.fits,SCIENCE,Minimum Recommended Products,SX1,,CALSTIS,3.4.2 (19-Jan-2018),12298,obnd44040_sx1.fits,80640,24963060,PUBLIC,3,G750L
24963062,HST,spectrum,obnd45010,DADS SX1 file - Calibrated combined 1D spectrum STIS,D,mast:HST/product/obnd45010_sx1.fits,SCIENCE,Minimum Recommended Products,SX1,,CALSTIS,3.4.2 (19-Jan-2018),12298,obnd45010_sx1.fits,80640,24963062,PUBLIC,3,G230LB
24963063,HST,spectrum,obnd45020,DADS SX1 file - Calibrated combined 1D spectrum STIS,D,mast:HST/product/obnd45020_sx1.fits,SCIENCE,Minimum Recommended Products,SX1,,CALSTIS,3.4.2 (19-Jan-2018),12298,obnd45020_sx1.fits,80640,24963063,PUBLIC,3,G430L
24963064,HST,spectrum,obnd45030,DADS SX1 file - Calibrated combined 1D spectrum STIS,D,mast:HST/product/obnd45030_sx1.fits,SCIENCE,Minimum Recommended Products,SX1,,CALSTIS,3.4.2 (19-Jan-2018),12298,obnd45030_sx1.fits,80640,24963064,PUBLIC,3,G750L
24963066,HST,spectrum,obnd46010,DADS SX1 file - Calibrated combined 1D spectrum STIS,D,mast:HST/product/obnd46010_sx1.fits,SCIENCE,Minimum Recommended Products,SX1,,CALSTIS,3.4.2 (19-Jan-2018),12298,obnd46010_sx1.fits,80640,24963066,PUBLIC,3,G230LB
24963067,HST,spectrum,obnd46020,DADS SX1 file - Calibrated combined 1D spectrum STIS,D,mast:HST/product/obnd46020_sx1.fits,SCIENCE,Minimum Recommended Products,SX1,,CALSTIS,3.4.2 (19-Jan-2018),12298,obnd46020_sx1.fits,80640,24963067,PUBLIC,3,G230LB
24963068,HST,spectrum,obnd46030,DADS SX1 file - Calibrated combined 1D spectrum STIS,D,mast:HST/product/obnd46030_sx1.fits,SCIENCE,Minimum Recommended Products,SX1,,CALSTIS,3.4.2 (19-Jan-2018),12298,obnd46030_sx1.fits,80640,24963068,PUBLIC,3,G430L
24963069,HST,spectrum,obnd46040,DADS SX1 file - Calibrated combined 1D spectrum STIS,D,mast:HST/product/obnd46040_sx1.fits,SCIENCE,Minimum Recommended Products,SX1,,CALSTIS,3.4.2 (19-Jan-2018),12298,obnd46040_sx1.fits,80640,24963069,PUBLIC,3,G430L
24963070,HST,spectrum,obnd46050,DADS SX1 file - Calibrated combined 1D spectrum STIS,D,mast:HST/product/obnd46050_sx1.fits,SCIENCE,Minimum Recommended Products,SX1,,CALSTIS,3.4.2 (19-Jan-2018),12298,obnd46050_sx1.fits,80640,24963070,PUBLIC,3,G750L
24963071,HST,spectrum,obnd46060,DADS SX1 file - Calibrated combined 1D spectrum STIS,D,mast:HST/product/obnd46060_sx1.fits,SCIENCE,Minimum Recommended Products,SX1,,CALSTIS,3.4.2 (19-Jan-2018),12298,obnd46060_sx1.fits,80640,24963071,PUBLIC,3,G750L
24963073,HST,spectrum,obnd47010,DADS SX1 file - Calibrated combined 1D spectrum STIS,D,mast:HST/product/obnd47010_sx1.fits,SCIENCE,Minimum Recommended Products,SX1,,CALSTIS,3.4.2 (19-Jan-2018),12298,obnd47010_sx1.fits,80640,24963073,PUBLIC,3,G230LB
24963074,HST,spectrum,obnd47020,DADS SX1 file - Calibrated combined 1D spectrum STIS,D,mast:HST/product/obnd47020_sx1.fits,SCIENCE,Minimum Recommended Products,SX1,,CALSTIS,3.4.2 (19-Jan-2018),12298,obnd47020_sx1.fits,80640,24963074,PUBLIC,3,G230LB
24963075,HST,spectrum,obnd47030,DADS SX1 file - Calibrated combined 1D spectrum STIS,D,mast:HST/product/obnd47030_sx1.fits,SCIENCE,Minimum Recommended Products,SX1,,CALSTIS,3.4.2 (19-Jan-2018),12298,obnd47030_sx1.fits,80640,24963075,PUBLIC,3,G430L
24963076,HST,spectrum,obnd47040,DADS SX1 file - Calibrated combined 1D spectrum STIS,D,mast:HST/product/obnd47040_sx1.fits,SCIENCE,Minimum Recommended Products,SX1,,CALSTIS,3.4.2 (19-Jan-2018),12298,obnd47040_sx1.fits,80640,24963076,PUBLIC,3,G430L
24963077,HST,spectrum,obnd47050,DADS SX1 file - Calibrated combined 1D spectrum STIS,D,mast:HST/product/obnd47050_sx1.fits,SCIENCE,Minimum Recommended Products,SX1,,CALSTIS,3.4.2 (19-Jan-2018),12298,obnd47050_sx1.fits,80640,24963077,PUBLIC,3,G750L
24963078,HST,spectrum,obnd47060,DADS SX1 file - Calibrated combined 1D spectrum STIS,D,mast:HST/product/obnd47060_sx1.fits,SCIENCE,Minimum Recommended Products,SX1,,CALSTIS,3.4.2 (19-Jan-2018),12298,obnd47060_sx1.fits,80640,24963078,PUBLIC,3,G750L
24963080,HST,spectrum,obnd48010,DADS X1D file - Calibrated 1D spectrum STIS,D,mast:HST/product/obnd48010_x1d.fits,SCIENCE,Minimum Recommended Products,X1D,,CALSTIS,3.4.2 (19-Jan-2018),12298,obnd48010_x1d.fits,132480,24963080,PUBLIC,2,G230L
24963081,HST,spectrum,obnd49010,DADS X1D file - Calibrated 1D spectrum STIS,D,mast:HST/product/obnd49010_x1d.fits,SCIENCE,Minimum Recommended Products,X1D,,CALSTIS,3.4.2 (19-Jan-2018),12298,obnd49010_x1d.fits,132480,24963081,PUBLIC,2,G230L
24963082,HST,spectrum,obnd50010,DADS SX1 file - Calibrated combined 1D spectrum STIS,D,mast:HST/product/obnd50010_sx1.fits,SCIENCE,Minimum Recommended Products,SX1,,CALSTIS,3.4.2 (19-Jan-2018),12298,obnd50010_sx1.fits,80640,24963082,PUBLIC,3,G230LB
24963083,HST,spectrum,obnd50020,DADS SX1 file - Calibrated combined 1D spectrum STIS,D,mast:HST/product/obnd50020_sx1.fits,SCIENCE,Minimum Recommended Products,SX1,,CALSTIS,3.4.2 (19-Jan-2018),12298,obnd50020_sx1.fits,80640,24963083,PUBLIC,3,G230LB
24963084,HST,spectrum,obnd50030,DADS SX1 file - Calibrated combined 1D spectrum STIS,D,mast:HST/product/obnd50030_sx1.fits,SCIENCE,Minimum Recommended Products,SX1,,CALSTIS,3.4.2 (19-Jan-2018),12298,obnd50030_sx1.fits,80640,24963084,PUBLIC,3,G430L
24963085,HST,spectrum,obnd50040,DADS SX1 file - Calibrated combined 1D spectrum STIS,D,mast:HST/product/obnd50040_sx1.fits,SCIENCE,Minimum Recommended Products,SX1,,CALSTIS,3.4.2 (19-Jan-2018),12298,obnd50040_sx1.fits,80640,24963085,PUBLIC,3,G430L
24963086,HST,spectrum,obnd50050,DADS SX1 file - Calibrated combined 1D spectrum STIS,D,mast:HST/product/obnd50050_sx1.fits,SCIENCE,Minimum Recommended Products,SX1,,CALSTIS,3.4.2 (19-Jan-2018),12298,obnd50050_sx1.fits,80640,24963086,PUBLIC,3,G750L
24963087,HST,spectrum,obnd50060,DADS SX1 file - Calibrated combined 1D spectrum STIS,D,mast:HST/product/obnd50060_sx1.fits,SCIENCE,Minimum Recommended Products,SX1,,CALSTIS,3.4.2 (19-Jan-2018),12298,obnd50060_sx1.fits,80640,24963087,PUBLIC,3,G750L
24963089,HST,spectrum,obnd50080,DADS X1D file - Calibrated 1D spectrum STIS,D,mast:HST/product/obnd50080_x1d.fits,SCIENCE,Minimum Recommended Products,X1D,,CALSTIS,3.4.2 (19-Jan-2018),12298,obnd50080_x1d.fits,77760,24963089,PUBLIC,2,G140L
24963090,HST,spectrum,obnd50090,DADS X1D file - Calibrated 1D spectrum STIS,D,mast:HST/product/obnd50090_x1d.fits,SCIENCE,Minimum Recommended Products,X1D,,CALSTIS,3.4.2 (19-Jan-2018),12298,obnd50090_x1d.fits,77760,24963090,PUBLIC,2,G140L
24963091,HST,spectrum,obnd500a0,DADS X1D file - Calibrated 1D spectrum STIS,D,mast:HST/product/obnd500a0_x1d.fits,SCIENCE,Minimum Recommended Products,X1D,,CALSTIS,3.4.2 (19-Jan-2018),12298,obnd500a0_x1d.fits,77760,24963091,PUBLIC,2,G140L
24963092,HST,spectrum,obnd51010,DADS SX1 file - Calibrated combined 1D spectrum STIS,D,mast:HST/product/obnd51010_sx1.fits,SCIENCE,Minimum Recommended Products,SX1,,CALSTIS,3.4.2 (19-Jan-2018),12298,obnd51010_sx1.fits,80640,24963092,PUBLIC,3,G230LB
24963093,HST,spectrum,obnd51020,DADS SX1 file - Calibrated combined 1D spectrum STIS,D,mast:HST/product/obnd51020_sx1.fits,SCIENCE,Minimum Recommended Products,SX1,,CALSTIS,3.4.2 (19-Jan-2018),12298,obnd51020_sx1.fits,80640,24963093,PUBLIC,3,G230LB
24963094,HST,spectrum,obnd51030,DADS SX1 file - Calibrated combined 1D spectrum STIS,D,mast:HST/product/obnd51030_sx1.fits,SCIENCE,Minimum Recommended Products,SX1,,CALSTIS,3.4.2 (19-Jan-2018),12298,obnd51030_sx1.fits,80640,24963094,PUBLIC,3,G430L
24963095,HST,spectrum,obnd51040,DADS SX1 file - Calibrated combined 1D spectrum STIS,D,mast:HST/product/obnd51040_sx1.fits,SCIENCE,Minimum Recommended Products,SX1,,CALSTIS,3.4.2 (19-Jan-2018),12298,obnd51040_sx1.fits,80640,24963095,PUBLIC,3,G430L
24963096,HST,spectrum,obnd51050,DADS SX1 file - Calibrated combined 1D spectrum STIS,D,mast:HST/product/obnd51050_sx1.fits,SCIENCE,Minimum Recommended Products,SX1,,CALSTIS,3.4.2 (19-Jan-2018),12298,obnd51050_sx1.fits,80640,24963096,PUBLIC,3,G750L
24963097,HST,spectrum,obnd51060,DADS SX1 file - Calibrated combined 1D spectrum STIS,D,mast:HST/product/obnd51060_sx1.fits,SCIENCE,Minimum Recommended Products,SX1,,CALSTIS,3.4.2 (19-Jan-2018),12298,obnd51060_sx1.fits,80640,24963097,PUBLIC,3,G750L
24963099,HST,spectrum,obnd51080,DADS X1D file - Calibrated 1D spectrum STIS,D,mast:HST/product/obnd51080_x1d.fits,SCIENCE,Minimum Recommended Products,X1D,,CALSTIS,3.4.2 (19-Jan-2018),12298,obnd51080_x1d.fits,132480,24963099,PUBLIC,2,G230L
