wavelength_angstrom,flux_erg_s_cm2_angstrom
3298.6800,4.693441e-13
3301.0600,4.585217e-13
3303.4400,4.559121e-13
3305.8200,4.602340e-13
3308.2000,4.647915e-13
3310.5800,4.579868e-13
3312.9600,4.601845e-13
3315.3400,4.702230e-13
3317.7200,4.750248e-13
3320.1000,4.756595e-13
3322.4800,4.833705e-13
3324.8600,4.960848e-13
3327.2400,5.082461e-13
3329.6200,5.222612e-13
3332.0000,5.374995e-13
3334.3800,5.481315e-13
3336.7600,5.543805e-13
3339.1400,5.671933e-13
3341.5200,5.746945e-13
3343.9000,5.806779e-13
3346.2800,5.809837e-13
3348.6600,5.804686e-13
3351.0400,5.783407e-13
3353.4200,5.732421e-13
3355.8000,5.698574e-13
3358.1800,5.683929e-13
3360.5600,5.615976e-13
3362.9400,5.599866e-13
3365.3200,5.522670e-13
3367.7000,5.488667e-13
3370.0800,5.435019e-13
3372.4600,5.381290e-13
3374.8400,5.336403e-13
3377.2200,5.387895e-13
3379.6000,5.346789e-13
3381.9800,5.336286e-13
3384.3600,5.300895e-13
3386.7400,5.332358e-13
3389.1200,5.401201e-13
3391.5000,5.467992e-13
3393.8800,5.581313e-13
3396.2600,5.662833e-13
3398.6400,5.665858e-13
3401.0200,5.687885e-13
3403.4000,5.722526e-13
3405.7800,5.779850e-13
3408.1600,5.791957e-13
3410.5400,5.847787e-13
3412.9200,5.855199e-13
3415.3000,5.825791e-13
3417.6800,5.816904e-13
3420.0600,5.804928e-13
3422.4400,5.809132e-13
3424.8200,5.809055e-13
3427.2000,5.828403e-13
3429.5800,5.821209e-13
3431.9600,5.881234e-13
3434.3400,5.942661e-13
3436.7200,6.011117e-13
3439.1000,6.108127e-13
3441.4800,6.179186e-13
3443.8600,6.251218e-13
3446.2400,6.312241e-13
3448.6200,6.383073e-13
3451.0000,6.437396e-13
3453.3800,6.507742e-13
3455.7600,6.558664e-13
3458.1400,6.557329e-13
3460.5200,6.537632e-13
3462.9000,6.528719e-13
3465.2800,6.543086e-13
3467.6600,6.516392e-13
3470.0400,6.504239e-13
3472.4200,6.488984e-13
3474.8000,6.477714e-13
3477.1800,6.491189e-13
3479.5600,6.488963e-13
3481.9400,6.505111e-13
3484.3200,6.558124e-13
3486.7000,6.610905e-13
3489.0800,6.657902e-13
3491.4600,6.713875e-13
3493.8400,6.788826e-13
3496.2200,6.865365e-13
3498.6000,6.971938e-13
3500.9800,7.031163e-13
3503.3600,7.122138e-13
3505.7400,7.239747e-13
3508.1200,7.340049e-13
3510.5000,7.409673e-13
3512.8800,7.477342e-13
3515.2600,7.493073e-13
3517.6400,7.523562e-13
3520.0200,7.575084e-13
3522.4000,7.655061e-13
3524.7800,7.674840e-13
3527.1600,7.704049e-13
3529.5400,7.715952e-13
3531.9200,7.731243e-13
3534.3000,7.765760e-13
3536.6800,7.815015e-13
3539.0600,7.879485e-13
3541.4400,7.939165e-13
3543.8200,8.000641e-13
3546.2000,8.038647e-13
3548.5800,8.092372e-13
3550.9600,8.151577e-13
3553.3400,8.196355e-13
3555.7200,8.243313e-13
3558.1000,8.284182e-13
3560.4800,8.301320e-13
3562.8600,8.306353e-13
3565.2400,8.361633e-13
3567.6200,8.409305e-13
3570.0000,8.428498e-13
3572.3800,8.456518e-13
3574.7600,8.497324e-13
3577.1400,8.581735e-13
3579.5200,8.668027e-13
3581.9000,8.718049e-13
3584.2800,8.764926e-13
3586.6600,8.774574e-13
3589.0400,8.761692e-13
3591.4200,8.739699e-13
3593.8000,8.711080e-13
3596.1800,8.655288e-13
3598.5600,8.582509e-13
3600.9400,8.466249e-13
3603.3200,8.389475e-13
3605.7000,8.334572e-13
3608.0800,8.274008e-13
3610.4600,8.226556e-13
3612.8400,8.195234e-13
3615.2200,8.168978e-13
3617.6000,8.167288e-13
3619.9800,8.193970e-13
3622.3600,8.258042e-13
3624.7400,8.362560e-13
3627.1200,8.426054e-13
3629.5000,8.481522e-13
3631.8800,8.524385e-13
3634.2600,8.554113e-13
3636.6400,8.560936e-13
3639.0200,8.536720e-13
3641.4000,8.494510e-13
3643.7800,8.455284e-13
3646.1600,8.422939e-13
3648.5400,8.359463e-13
3650.9200,8.322381e-13
3653.3000,8.284270e-13
3655.6800,8.240615e-13
3658.0600,8.219665e-13
3660.4400,8.210584e-13
3662.8200,8.200262e-13
3665.2000,8.163586e-13
3667.5800,8.114616e-13
3669.9600,8.043476e-13
3672.3400,7.962834e-13
3674.7200,7.854857e-13
3677.1000,7.703915e-13
3679.4800,7.516694e-13
3681.8600,7.301701e-13
3684.2400,7.108017e-13
3686.6200,6.914569e-13
3689.0000,6.730570e-13
3691.3800,6.524499e-13
3693.7600,6.313747e-13
3696.1400,6.085583e-13
3698.5200,5.880269e-13
3700.9000,5.684601e-13
3703.2800,5.531236e-13
3705.6600,5.409819e-13
3708.0400,5.280235e-13
3710.4200,5.166946e-13
3712.8000,5.053164e-13
3715.1800,4.945081e-13
3717.5600,4.822072e-13
3719.9400,4.704882e-13
3722.3200,4.599923e-13
3724.7000,4.502795e-13
3727.0800,4.420162e-13
3729.4600,4.339447e-13
3731.8400,4.277473e-13
3734.2200,4.253348e-13
3736.6000,4.259290e-13
3738.9800,4.301593e-13
3741.3600,4.351094e-13
3743.7400,4.424850e-13
3746.1200,4.498767e-13
3748.5000,4.559918e-13
3750.8800,4.589318e-13
3753.2600,4.591009e-13
3755.6400,4.569345e-13
3758.0200,4.578178e-13
3760.4000,4.612523e-13
3762.7800,4.617983e-13
3765.1600,4.608495e-13
3767.5400,4.596619e-13
3769.9200,4.584298e-13
3772.3000,4.570017e-13
3774.6800,4.548778e-13
3777.0600,4.513256e-13
3779.4400,4.490744e-13
3781.8200,4.462100e-13
3784.2000,4.434007e-13
3786.5800,4.400021e-13
3788.9600,4.368485e-13
3791.3400,4.319684e-13
3793.7200,4.297837e-13
3796.1000,4.281919e-13
3798.4800,4.279795e-13
3800.8600,4.275546e-13
3803.2400,4.271452e-13
3805.6200,4.260449e-13
3808.0000,4.261342e-13
3810.3800,4.285685e-13
3812.7600,4.326038e-13
3815.1400,4.390401e-13
3817.5200,4.463966e-13
3819.9000,4.516505e-13
3822.2800,4.572967e-13
3824.6600,4.645645e-13
3827.0400,4.721478e-13
3829.4200,4.815739e-13
3831.8000,4.922704e-13
3834.1800,5.028462e-13
3836.5600,5.131047e-13
3838.9400,5.252539e-13
3841.3200,5.393933e-13
3843.7000,5.560451e-13
3846.0800,5.716325e-13
3848.4600,5.881944e-13
3850.8400,6.044230e-13
3853.2200,6.241098e-13
3855.6000,6.467536e-13
3857.9800,6.691504e-13
3860.3600,6.929827e-13
3862.7400,7.179837e-13
3865.1200,7.396296e-13
3867.5000,7.618988e-13
3869.8800,7.817935e-13
3872.2600,7.996294e-13
3874.6400,8.159372e-13
3877.0200,8.334249e-13
3879.4000,8.517079e-13
3881.7800,8.654646e-13
3884.1600,8.786108e-13
3886.5400,8.895928e-13
3888.9200,9.011949e-13
3891.3000,9.150561e-13
3893.6800,9.284847e-13
3896.0600,9.396059e-13
3898.4400,9.476960e-13
3900.8200,9.550538e-13
3903.2000,9.598113e-13
3905.5800,9.641376e-13
3907.9600,9.714229e-13
3910.3400,9.784168e-13
3912.7200,9.835587e-13
3915.1000,9.885779e-13
3917.4800,9.947644e-13
3919.8600,9.989365e-13
3922.2400,1.005958e-12
3924.6200,1.011184e-12
3927.0000,1.021454e-12
3929.3800,1.024149e-12
3931.7600,1.013742e-12
3934.1400,1.004956e-12
3936.5200,1.018658e-12
3938.9000,1.046590e-12
3941.2800,1.068489e-12
3943.6600,1.076898e-12
3946.0400,1.078148e-12
3948.4200,1.077244e-12
3950.8000,1.073937e-12
3953.1800,1.071038e-12
3955.5600,1.065051e-12
3957.9400,1.055573e-12
3960.3200,1.042477e-12
3962.7000,1.026300e-12
3965.0800,1.008429e-12
3967.4600,9.865995e-13
3969.8400,9.687010e-13
3972.2200,9.652540e-13
3974.6000,9.627591e-13
3976.9800,9.548711e-13
3979.3600,9.414001e-13
3981.7400,9.269934e-13
3984.1200,9.131030e-13
3986.5000,8.982143e-13
3988.8800,8.853332e-13
3991.2600,8.741832e-13
3993.6400,8.647303e-13
3996.0200,8.530354e-13
3998.4000,8.432844e-13
4000.7800,8.340401e-13
4003.1600,8.247100e-13
4005.5400,8.144707e-13
4007.9200,8.096723e-13
4010.3000,8.095962e-13
4012.6800,8.156445e-13
4015.0600,8.259313e-13
4017.4400,8.354857e-13
4019.8200,8.483777e-13
4022.2000,8.598001e-13
4024.5800,8.686794e-13
4026.9600,8.764315e-13
4029.3400,8.833299e-13
4031.7200,8.897549e-13
4034.1000,8.969044e-13
4036.4800,9.055608e-13
4038.8600,9.109532e-13
4041.2400,9.175078e-13
4043.6200,9.238775e-13
4046.0000,9.278981e-13
4048.3800,9.357232e-13
4050.7600,9.401674e-13
4053.1400,9.461095e-13
4055.5200,9.518484e-13
4057.9000,9.575943e-13
4060.2800,9.650558e-13
4062.6600,9.703621e-13
4065.0400,9.769461e-13
4067.4200,9.840579e-13
4069.8000,9.921388e-13
4072.1800,1.000101e-12
4074.5600,1.008215e-12
4076.9400,1.012952e-12
4079.3200,1.018605e-12
4081.7000,1.023578e-12
4084.0800,1.025584e-12
4086.4600,1.025479e-12
4088.8400,1.026042e-12
4091.2200,1.022539e-12
4093.6000,1.018362e-12
4095.9800,1.012480e-12
4098.3600,1.008647e-12
4100.7400,1.004956e-12
4103.1200,1.002248e-12
4105.5000,1.000372e-12
4107.8800,9.985752e-13
4110.2600,9.993277e-13
4112.6400,9.985765e-13
4115.0200,9.995738e-13
4117.4000,9.982958e-13
4119.7800,9.923798e-13
4122.1600,9.854889e-13
4124.5400,9.733663e-13
4126.9200,9.605181e-13
4129.3000,9.495976e-13
4131.6800,9.374299e-13
4134.0600,9.284826e-13
4136.4400,9.225193e-13
4138.8200,9.163970e-13
4141.2000,9.123653e-13
4143.5800,9.085569e-13
4145.9600,9.053196e-13
4148.3400,9.041706e-13
4150.7200,9.023558e-13
4153.1000,8.994857e-13
4155.4800,8.927141e-13
4157.8600,8.867304e-13
4160.2400,8.798989e-13
4162.6200,8.734437e-13
4165.0000,8.694633e-13
4167.3800,8.664798e-13
4169.7600,8.608917e-13
4172.1400,8.600854e-13
4174.5200,8.579177e-13
4176.9000,8.572198e-13
4179.2800,8.570311e-13
4181.6600,8.568286e-13
4184.0400,8.532844e-13
4186.4200,8.495598e-13
4188.8000,8.461047e-13
4191.1800,8.395463e-13
4193.5600,8.301441e-13
4195.9400,8.245833e-13
4198.3200,8.183972e-13
4200.7000,8.098302e-13
4203.0800,8.008694e-13
4205.4600,7.912894e-13
4207.8400,7.811804e-13
4210.2200,7.715271e-13
4212.6000,7.618826e-13
4214.9800,7.529631e-13
4217.3600,7.431850e-13
4219.7400,7.351286e-13
4222.1200,7.266919e-13
4224.5000,7.192504e-13
4226.8800,7.119865e-13
4229.2600,7.049526e-13
4231.6400,6.984741e-13
4234.0200,6.899503e-13
4236.4000,6.821722e-13
4238.7800,6.754842e-13
4241.1600,6.699768e-13
4243.5400,6.650738e-13
4245.9200,6.591163e-13
4248.3000,6.540912e-13
4250.6800,6.477760e-13
4253.0600,6.455825e-13
4255.4400,6.382713e-13
4257.8200,6.328697e-13
4260.2000,6.266266e-13
4262.5800,6.211042e-13
4264.9600,6.155733e-13
4267.3400,6.094732e-13
4269.7200,6.039075e-13
4272.1000,5.964380e-13
4274.4800,5.882409e-13
4276.8600,5.803462e-13
4279.2400,5.732743e-13
4281.6200,5.658952e-13
4284.0000,5.586905e-13
4286.3800,5.524080e-13
4288.7600,5.447838e-13
4291.1400,5.388518e-13
4293.5200,5.319366e-13
4295.9000,5.281056e-13
4298.2800,5.222228e-13
4300.6600,5.162667e-13
4303.0400,5.131958e-13
4305.4200,5.118352e-13
4307.8000,5.099238e-13
4310.1800,5.114892e-13
4312.5600,5.125028e-13
4314.9400,5.112801e-13
4317.3200,5.136012e-13
4319.7000,5.156299e-13
4322.0800,5.173158e-13
4324.4600,5.207761e-13
4326.8400,5.231127e-13
4329.2200,5.258901e-13
4331.6000,5.312788e-13
4333.9800,5.376426e-13
4336.3600,5.437292e-13
4338.7400,5.484125e-13
4341.1200,5.528329e-13
4343.5000,5.593008e-13
4345.8800,5.643575e-13
4348.2600,5.682244e-13
4350.6400,5.763816e-13
4353.0200,5.832369e-13
4355.4000,5.921327e-13
4357.7800,6.000342e-13
4360.1600,6.059851e-13
4362.5400,6.108507e-13
4364.9200,6.155838e-13
4367.3000,6.204380e-13
4369.6800,6.252634e-13
4372.0600,6.272607e-13
4374.4400,6.309272e-13
4376.8200,6.329925e-13
4379.2000,6.337217e-13
4381.5800,6.367967e-13
4383.9600,6.372762e-13
4386.3400,6.387629e-13
4388.7200,6.406943e-13
4391.1000,6.415984e-13
4393.4800,6.417505e-13
4395.8600,6.429595e-13
4398.2400,6.406959e-13
4400.6200,6.356057e-13
4403.0000,6.303665e-13
4405.3800,6.238428e-13
4407.7600,6.177574e-13
4410.1400,6.104766e-13
4412.5200,6.028992e-13
4414.9000,5.981824e-13
4417.2800,5.914766e-13
4419.6600,5.853949e-13
4422.0400,5.796373e-13
4424.4200,5.736035e-13
4426.8000,5.685820e-13
4429.1800,5.637663e-13
4431.5600,5.600205e-13
4433.9400,5.574129e-13
4436.3200,5.567510e-13
4438.7000,5.588014e-13
4441.0800,5.617290e-13
4443.4600,5.631622e-13
4445.8400,5.649238e-13
4448.2200,5.702330e-13
4450.6000,5.768647e-13
4452.9800,5.855387e-13
4455.3600,5.932951e-13
4457.7400,6.033886e-13
4460.1200,6.131515e-13
4462.5000,6.237370e-13
4464.8800,6.334413e-13
4467.2600,6.421850e-13
4469.6400,6.498531e-13
4472.0200,6.586907e-13
4474.4000,6.671415e-13
4476.7800,6.726576e-13
4479.1600,6.775029e-13
4481.5400,6.817200e-13
4483.9200,6.874882e-13
4486.3000,6.937006e-13
4488.6800,6.985875e-13
4491.0600,7.006109e-13
4493.4400,7.022113e-13
4495.8200,7.051163e-13
4498.2000,7.071205e-13
4500.5800,7.081162e-13
4502.9600,7.106055e-13
4505.3400,7.118230e-13
4507.7200,7.140376e-13
4510.1000,7.183235e-13
4512.4800,7.212483e-13
4514.8600,7.234787e-13
4517.2400,7.257720e-13
4519.6200,7.260991e-13
4522.0000,7.267560e-13
4524.3800,7.263749e-13
4526.7600,7.271048e-13
4529.1400,7.266237e-13
4531.5200,7.247459e-13
4533.9000,7.220113e-13
4536.2800,7.187523e-13
4538.6600,7.154764e-13
4541.0400,7.122007e-13
4543.4200,7.093663e-13
4545.8000,7.061069e-13
4548.1800,7.038441e-13
4550.5600,7.015447e-13
4552.9400,6.989467e-13
4555.3200,6.964909e-13
4557.7000,6.957405e-13
4560.0800,6.942091e-13
4562.4600,6.946840e-13
4564.8400,6.963067e-13
4567.2200,6.954345e-13
4569.6000,6.944723e-13
4571.9800,6.939379e-13
4574.3600,6.934948e-13
4576.7400,6.929504e-13
4579.1200,6.923158e-13
4581.5000,6.911154e-13
4583.8800,6.889255e-13
4586.2600,6.888858e-13
4588.6400,6.889678e-13
4591.0200,6.897802e-13
4593.4000,6.890482e-13
4595.7800,6.894266e-13
4598.1600,6.901852e-13
4600.5400,6.914933e-13
4602.9200,6.925365e-13
4605.3000,6.919749e-13
4607.6800,6.903866e-13
4610.0600,6.897376e-13
4612.4400,6.873334e-13
4614.8200,6.860079e-13
4617.2000,6.825748e-13
4619.5800,6.794073e-13
4621.9600,6.749387e-13
4624.3400,6.700983e-13
4626.7200,6.648019e-13
4629.1000,6.586504e-13
4631.4800,6.498527e-13
4633.8600,6.453242e-13
4636.2400,6.371582e-13
4638.6200,6.287212e-13
4641.0000,6.209986e-13
4643.3800,6.114877e-13
4645.7600,6.043628e-13
4648.1400,5.948522e-13
4650.5200,5.842766e-13
4652.9000,5.774871e-13
4655.2800,5.709236e-13
4657.6600,5.647980e-13
4660.0400,5.571674e-13
4662.4200,5.506389e-13
4664.8000,5.432996e-13
4667.1800,5.359351e-13
4669.5600,5.314424e-13
4671.9400,5.310042e-13
4674.3200,5.261668e-13
4676.7000,5.253531e-13
4679.0800,5.237908e-13
4681.4600,5.262455e-13
4683.8400,5.268726e-13
4686.2200,5.277189e-13
4688.6000,5.293524e-13
4690.9800,5.289751e-13
4693.3600,5.318828e-13
4695.7400,5.318250e-13
4698.1200,5.354020e-13
4700.5000,5.345744e-13
4702.8800,5.343759e-13
4705.2600,5.354762e-13
4707.6400,5.320689e-13
4710.0200,5.316469e-13
4712.4000,5.305471e-13
4714.7800,5.289598e-13
4717.1600,5.265403e-13
4719.5400,5.215242e-13
4721.9200,5.172782e-13
4724.3000,5.121710e-13
4726.6800,5.075015e-13
4729.0600,5.037221e-13
4731.4400,4.977475e-13
4733.8200,4.941816e-13
4736.2000,4.890097e-13
4738.5800,4.843311e-13
4740.9600,4.805718e-13
4743.3400,4.770799e-13
4745.7200,4.717504e-13
4748.1000,4.670163e-13
4750.4800,4.633498e-13
4752.8600,4.605639e-13
4755.2400,4.563853e-13
4757.6200,4.522338e-13
4760.0000,4.499895e-13
4762.3800,4.493679e-13
4764.7600,4.490161e-13
4767.1400,4.494562e-13
4769.5200,4.507017e-13
4771.9000,4.506800e-13
4774.2800,4.531019e-13
4776.6600,4.550903e-13
4779.0400,4.587171e-13
4781.4200,4.629168e-13
4783.8000,4.656517e-13
4786.1800,4.675577e-13
4788.5600,4.700211e-13
4790.9400,4.718016e-13
4793.3200,4.728744e-13
4795.7000,4.721727e-13
4798.0800,4.708586e-13
4800.4600,4.699972e-13
4802.8400,4.693548e-13
4805.2200,4.678150e-13
4807.6000,4.643167e-13
4809.9800,4.606018e-13
4812.3600,4.564966e-13
4814.7400,4.513428e-13
4817.1200,4.444866e-13
4819.5000,4.378101e-13
4821.8800,4.326893e-13
4824.2600,4.274353e-13
4826.6400,4.220902e-13
4829.0200,4.171524e-13
4831.4000,4.129490e-13
4833.7800,4.073252e-13
4836.1600,4.015739e-13
4838.5400,3.957331e-13
4840.9200,3.893130e-13
4843.3000,3.823245e-13
4845.6800,3.750452e-13
4848.0600,3.693865e-13
4850.4400,3.631610e-13
4852.8200,3.569860e-13
4855.2000,3.522395e-13
4857.5800,3.479695e-13
4859.9600,3.448061e-13
4862.3400,3.422988e-13
4864.7200,3.402018e-13
4867.1000,3.393493e-13
4869.4800,3.385706e-13
4871.8600,3.378567e-13
4874.2400,3.386118e-13
4876.6200,3.395916e-13
4879.0000,3.409730e-13
4881.3800,3.426720e-13
4883.7600,3.454313e-13
4886.1400,3.484364e-13
4888.5200,3.514186e-13
4890.9000,3.553848e-13
4893.2800,3.602248e-13
4895.6600,3.637063e-13
4898.0400,3.682141e-13
4900.4200,3.721810e-13
4902.8000,3.750861e-13
4905.1800,3.786524e-13
4907.5600,3.815571e-13
4909.9400,3.850103e-13
4912.3200,3.869707e-13
4914.7000,3.881984e-13
4917.0800,3.896208e-13
4919.4600,3.900642e-13
4921.8400,3.927272e-13
4924.2200,3.937543e-13
4926.6000,3.949727e-13
4928.9800,3.962837e-13
4931.3600,3.966810e-13
4933.7400,3.991652e-13
4936.1200,4.008411e-13
4938.5000,3.999194e-13
4940.8800,3.986880e-13
4943.2600,3.997596e-13
4945.6400,3.999521e-13
4948.0200,3.978987e-13
4950.4000,3.972132e-13
4952.7800,3.956416e-13
4955.1600,3.940520e-13
4957.5400,3.924523e-13
4959.9200,3.889372e-13
4962.3000,3.858032e-13
4964.6800,3.819307e-13
4967.0600,3.812312e-13
4969.4400,3.812173e-13
4971.8200,3.807336e-13
4974.2000,3.809283e-13
4976.5800,3.830909e-13
4978.9600,3.824223e-13
4981.3400,3.829355e-13
4983.7200,3.814492e-13
4986.1000,3.827287e-13
4988.4800,3.821703e-13
4990.8600,3.799262e-13
4993.2400,3.817521e-13
4995.6200,3.824475e-13
4998.0000,3.837964e-13
5000.3800,3.838917e-13
5002.7600,3.853841e-13
5005.1400,3.868738e-13
5007.5200,3.890294e-13
5009.9000,3.907743e-13
5012.2800,3.935893e-13
5014.6600,3.944860e-13
5017.0400,3.967249e-13
5019.4200,3.971924e-13
5021.8000,3.978706e-13
5024.1800,3.999032e-13
5026.5600,3.998104e-13
5028.9400,4.005322e-13
5031.3200,4.025895e-13
5033.7000,4.045269e-13
5036.0800,4.057452e-13
5038.4600,4.077172e-13
5040.8400,4.092265e-13
5043.2200,4.101382e-13
5045.6000,4.137692e-13
5047.9800,4.168081e-13
5050.3600,4.204247e-13
5052.7400,4.248641e-13
5055.1200,4.287596e-13
5057.5000,4.316157e-13
5059.8800,4.359458e-13
5062.2600,4.382746e-13
5064.6400,4.408686e-13
5067.0200,4.427230e-13
5069.4000,4.458720e-13
5071.7800,4.486618e-13
5074.1600,4.500488e-13
5076.5400,4.521330e-13
5078.9200,4.553948e-13
5081.3000,4.599251e-13
5083.6800,4.649631e-13
5086.0600,4.683257e-13
5088.4400,4.703011e-13
5090.8200,4.724552e-13
5093.2000,4.767464e-13
5095.5800,4.809883e-13
5097.9600,4.863944e-13
5100.3400,4.884291e-13
5102.7200,4.923164e-13
5105.1000,4.963069e-13
5107.4800,4.990540e-13
5109.8600,5.027664e-13
5112.2400,5.056744e-13
5114.6200,5.069909e-13
5117.0000,5.087298e-13
5119.3800,5.098591e-13
5121.7600,5.086576e-13
5124.1400,5.091718e-13
5126.5200,5.086945e-13
5128.9000,5.073238e-13
5131.2800,5.053387e-13
5133.6600,5.044570e-13
5136.0400,5.011857e-13
5138.4200,4.974782e-13
5140.8000,4.961216e-13
5143.1800,4.946538e-13
5145.5600,4.919777e-13
5147.9400,4.902067e-13
5150.3200,5.032557e-13
5152.7000,5.004201e-13
5155.0800,4.978248e-13
5157.4600,4.963687e-13
5159.8400,4.960447e-13
5162.2200,4.945067e-13
5164.6000,4.919034e-13
5166.9800,4.907696e-13
5169.3600,4.913056e-13
5171.7400,4.918316e-13
5174.1200,4.916147e-13
5176.5000,4.907319e-13
5178.8800,4.927830e-13
5181.2600,4.940417e-13
5183.6400,4.932165e-13
5186.0200,4.949628e-13
5188.4000,4.960897e-13
5190.7800,4.957307e-13
5193.1600,4.969585e-13
5195.5400,4.986392e-13
5197.9200,4.980993e-13
5200.3000,4.981847e-13
5202.6800,4.960354e-13
5205.0600,4.964956e-13
5207.4400,4.971519e-13
5209.8200,4.940548e-13
5212.2000,4.925484e-13
5214.5800,4.917881e-13
5216.9600,4.883315e-13
5219.3400,4.845683e-13
5221.7200,4.814385e-13
5224.1000,4.760543e-13
5226.4800,4.713988e-13
5228.8600,4.663756e-13
5231.2400,4.603522e-13
5233.6200,4.535385e-13
5236.0000,4.461040e-13
5238.3800,4.381745e-13
5240.7600,4.290292e-13
5243.1400,4.202852e-13
5245.5200,4.128190e-13
5247.9000,4.059488e-13
5250.2800,3.987403e-13
5252.6600,3.902408e-13
5255.0400,3.829866e-13
5257.4200,3.759681e-13
5259.8000,3.687024e-13
5262.1800,3.632459e-13
5264.5600,3.575770e-13
5266.9400,3.524893e-13
5269.3200,3.472615e-13
5271.7000,3.420663e-13
5274.0800,3.379313e-13
5276.4600,3.339783e-13
5278.8400,3.315596e-13
5281.2200,3.284821e-13
5283.6000,3.253176e-13
5285.9800,3.236054e-13
5288.3600,3.216825e-13
5290.7400,3.207615e-13
5293.1200,3.200039e-13
5295.5000,3.204422e-13
5297.8800,3.218733e-13
5300.2600,3.215015e-13
5302.6400,3.200455e-13
5305.0200,3.199387e-13
5307.4000,3.211515e-13
5309.7800,3.222797e-13
5312.1600,3.228273e-13
5314.5400,3.236290e-13
5316.9200,3.253596e-13
5319.3000,3.258743e-13
5321.6800,3.255832e-13
5324.0600,3.264809e-13
5326.4400,3.282687e-13
5328.8200,3.308901e-13
5331.2000,3.326489e-13
5333.5800,3.343115e-13
5335.9600,3.369353e-13
5338.3400,3.400245e-13
5340.7200,3.442073e-13
5343.1000,3.472593e-13
5345.4800,3.491828e-13
5347.8600,3.511607e-13
5350.2400,3.535425e-13
5352.6200,3.565542e-13
5355.0000,3.607775e-13
5357.3800,3.632069e-13
5359.7600,3.645764e-13
5362.1400,3.673726e-13
5364.5200,3.693696e-13
5366.9000,3.686314e-13
5369.2800,3.690127e-13
5371.6600,3.712307e-13
5374.0400,3.722239e-13
5376.4200,3.712157e-13
5378.8000,3.717034e-13
5381.1800,3.719059e-13
5383.5600,3.715314e-13
5385.9400,3.711253e-13
5388.3200,3.703147e-13
5390.7000,3.691987e-13
5393.0800,3.681834e-13
5395.4600,3.669874e-13
5397.8400,3.661801e-13
5400.2200,3.652510e-13
5402.6000,3.624092e-13
5404.9800,3.608210e-13
5407.3600,3.588001e-13
5409.7400,3.564219e-13
5412.1200,3.542512e-13
5414.5000,3.511714e-13
5416.8800,3.486402e-13
5419.2600,3.457885e-13
5421.6400,3.429854e-13
5424.0200,3.397240e-13
5426.4000,3.349030e-13
5428.7800,3.300928e-13
5431.1600,3.254436e-13
5433.5400,3.216073e-13
5435.9200,3.178764e-13
5438.3000,3.135796e-13
5440.6800,3.097618e-13
5443.0600,3.054774e-13
5445.4400,3.018271e-13
5447.8200,2.982598e-13
5450.2000,2.943858e-13
5452.5800,2.914701e-13
5454.9600,2.886817e-13
5457.3400,2.861470e-13
5459.7200,2.835171e-13
5462.1000,2.815169e-13
5464.4800,2.810016e-13
5466.8600,2.804690e-13
5469.2400,2.806844e-13
5471.6200,2.807988e-13
5474.0000,2.811042e-13
5476.3800,2.826216e-13
5478.7600,2.846827e-13
5481.1400,2.873620e-13
5483.5200,2.904003e-13
5485.9000,2.930364e-13
5488.2800,2.956480e-13
5490.6600,3.000503e-13
5493.0400,3.064264e-13
5495.4200,3.113915e-13
5497.8000,3.155311e-13
5500.1800,3.202839e-13
5502.5600,3.251893e-13
5504.9400,3.302365e-13
5507.3200,3.344341e-13
5509.7000,3.394039e-13
5512.0800,3.451558e-13
5514.4600,3.499995e-13
5516.8400,3.542962e-13
5519.2200,3.593562e-13
5521.6000,3.637976e-13
5523.9800,3.684245e-13
5526.3600,3.734668e-13
5528.7400,3.769353e-13
5531.1200,3.806584e-13
5533.5000,3.844085e-13
5535.8800,3.880538e-13
5538.2600,3.917139e-13
5540.6400,3.951419e-13
5543.0200,3.982793e-13
5545.4000,4.017022e-13
5547.7800,4.046339e-13
5550.1600,4.063608e-13
5552.5400,4.070475e-13
5554.9200,4.072369e-13
5557.3000,4.075388e-13
5559.6800,4.065251e-13
5562.0600,4.046401e-13
5564.4400,4.025982e-13
5566.8200,4.000911e-13
5569.2000,3.990672e-13
5571.5800,3.973389e-13
5573.9600,3.952097e-13
5576.3400,3.943497e-13
5578.7200,3.943131e-13
5581.1000,3.934627e-13
5583.4800,3.930076e-13
5585.8600,3.941991e-13
5588.2400,3.953906e-13
5590.6200,3.951807e-13
5593.0000,3.957029e-13
5595.3800,3.970840e-13
5597.7600,3.990825e-13
5600.1400,4.012251e-13
5602.5200,4.023377e-13
5604.9000,4.020999e-13
5607.2800,4.030617e-13
5609.6600,4.035710e-13
5612.0400,4.043388e-13
5614.4200,4.051936e-13
5616.8000,4.044415e-13
5619.1800,4.041078e-13
5621.5600,4.039841e-13
5623.9400,4.043683e-13
5626.3200,4.035796e-13
5628.7000,4.013147e-13
5631.0800,4.013239e-13
5633.4600,4.009420e-13
5635.8400,3.998134e-13
5638.2200,3.988095e-13
5640.6000,3.979423e-13
5642.9800,3.966597e-13
5645.3600,3.954038e-13
5647.7400,3.956793e-13
5650.1200,3.961239e-13
5652.5000,3.958906e-13
5654.8800,3.957793e-13
5657.2600,3.949662e-13
5659.6400,3.951091e-13
5662.0200,3.944260e-13
5664.4000,3.929792e-13
5666.7800,3.920999e-13
5669.1600,3.904506e-13
5671.5400,3.903544e-13
5673.9200,3.898082e-13
5676.3000,3.896385e-13
5678.6800,3.908540e-13
5681.0600,3.909581e-13
5683.4400,3.910776e-13
5685.8200,3.913300e-13
5688.2000,3.908066e-13
5690.5800,3.900423e-13
5692.9600,3.904576e-13
5695.3400,3.909798e-13
5697.7200,3.899096e-13
5700.1000,3.884358e-13
5702.4800,3.873841e-13
5704.8600,3.862065e-13
5707.2400,3.846823e-13
5709.6200,3.819097e-13
5712.0000,3.799951e-13
5714.3800,3.778205e-13
5716.7600,3.745123e-13
5719.1400,3.727014e-13
5721.5200,3.706875e-13
5723.9000,3.677862e-13
5726.2800,3.649573e-13
5728.6600,3.624678e-13
5731.0400,3.596579e-13
5733.4200,3.569087e-13
5735.8000,3.537419e-13
5738.1800,3.515398e-13
5740.5600,3.491299e-13
5742.9400,3.457136e-13
5745.3200,3.444904e-13
5747.7000,3.412949e-13
5750.0800,3.386944e-13
5752.4600,3.369987e-13
5754.8400,3.348168e-13
5757.2200,3.335231e-13
5759.6000,3.315308e-13
5761.9800,3.292812e-13
5764.3600,3.276426e-13
5766.7400,3.265737e-13
5769.1200,3.253624e-13
5771.5000,3.236344e-13
5773.8800,3.220428e-13
5776.2600,3.210568e-13
5778.6400,3.208361e-13
5781.0200,3.209642e-13
5783.4000,3.204975e-13
5785.7800,3.197418e-13
5788.1600,3.195488e-13
5790.5400,3.200882e-13
5792.9200,3.208122e-13
5795.3000,3.214936e-13
5797.6800,3.227513e-13
5800.0600,3.235978e-13
5802.4400,3.245866e-13
5804.8200,3.260973e-13
5807.2000,3.275092e-13
5809.5800,3.295765e-13
5811.9600,3.312656e-13
5814.3400,3.321248e-13
5816.7200,3.336657e-13
5819.1000,3.362920e-13
5821.4800,3.371903e-13
5823.8600,3.371207e-13
5826.2400,3.381123e-13
5828.6200,3.400332e-13
5831.0000,3.412029e-13
5833.3800,3.411742e-13
5835.7600,3.414336e-13
5838.1400,3.426270e-13
5840.5200,3.432749e-13
5842.9000,3.430274e-13
5845.2800,3.433472e-13
5847.6600,3.438685e-13
5850.0400,3.444520e-13
5852.4200,3.452453e-13
5854.8000,3.458409e-13
5857.1800,3.457681e-13
5859.5600,3.455225e-13
5861.9400,3.454116e-13
5864.3200,3.449967e-13
5866.7000,3.453986e-13
5869.0800,3.468290e-13
5871.4600,3.471987e-13
5873.8400,3.475723e-13
5876.2200,3.484362e-13
5878.6000,3.493557e-13
5880.9800,3.499608e-13
5883.3600,3.501898e-13
5885.7400,3.497616e-13
5888.1200,3.490989e-13
5890.5000,3.490089e-13
5892.8800,3.493869e-13
5895.2600,3.497675e-13
5897.6400,3.506795e-13
5900.0200,3.521493e-13
5902.4000,3.540228e-13
5904.7800,3.553682e-13
5907.1600,3.557402e-13
5909.5400,3.560991e-13
5911.9200,3.566259e-13
5914.3000,3.565872e-13
5916.6800,3.563604e-13
5919.0600,3.557504e-13
5921.4400,3.542635e-13
5923.8200,3.539812e-13
5926.2000,3.536897e-13
5928.5800,3.535602e-13
5930.9600,3.536182e-13
5933.3400,3.530320e-13
5935.7200,3.521341e-13
5938.1000,3.512710e-13
5940.4800,3.507498e-13
5942.8600,3.504114e-13
5945.2400,3.501814e-13
5947.6200,3.501313e-13
5950.0000,3.493908e-13
5952.3800,3.499234e-13
5954.7600,3.502590e-13
5957.1400,3.492926e-13
5959.5200,3.490860e-13
5961.9000,3.492765e-13
5964.2800,3.493010e-13
5966.6600,3.489413e-13
5969.0400,3.483652e-13
5971.4200,3.478582e-13
5973.8000,3.475316e-13
5976.1800,3.474970e-13
5978.5600,3.473508e-13
5980.9400,3.465537e-13
5983.3200,3.453173e-13
5985.7000,3.445610e-13
5988.0800,3.441828e-13
5990.4600,3.430198e-13
5992.8400,3.417406e-13
5995.2200,3.408393e-13
5997.6000,3.398329e-13
5999.9800,3.398569e-13
6002.3600,3.387300e-13
6004.7400,3.367573e-13
6007.1200,3.354242e-13
6009.5000,3.344001e-13
6011.8800,3.324103e-13
6014.2600,3.309652e-13
6016.6400,3.299267e-13
6019.0200,3.288166e-13
6021.4000,3.276518e-13
6023.7800,3.262182e-13
6026.1600,3.242972e-13
6028.5400,3.222598e-13
6030.9200,3.202645e-13
6033.3000,3.184059e-13
6035.6800,3.166004e-13
6038.0600,3.138439e-13
6040.4400,3.100761e-13
6042.8200,3.070779e-13
6045.2000,3.043824e-13
6047.5800,3.000154e-13
6049.9600,2.950271e-13
6052.3400,2.897481e-13
6054.7200,2.836678e-13
6057.1000,2.768198e-13
6059.4800,2.696339e-13
6061.8600,2.623898e-13
6064.2400,2.559342e-13
6066.6200,2.492880e-13
6069.0000,2.424997e-13
6071.3800,2.359195e-13
6073.7600,2.291291e-13
6076.1400,2.225008e-13
6078.5200,2.156416e-13
6080.9000,2.086414e-13
6083.2800,2.017670e-13
6085.6600,1.951126e-13
6088.0400,1.888005e-13
6090.4200,1.824440e-13
6092.8000,1.761584e-13
6095.1800,1.706719e-13
6097.5600,1.659492e-13
6099.9400,1.607897e-13
6102.3200,1.553857e-13
6104.7000,1.505634e-13
6107.0800,1.463640e-13
6109.4600,1.426004e-13
6111.8400,1.393578e-13
6114.2200,1.361645e-13
6116.6000,1.329137e-13
6118.9800,1.296874e-13
6121.3600,1.266510e-13
6123.7400,1.240053e-13
6126.1200,1.218654e-13
6128.5000,1.201665e-13
6130.8800,1.187299e-13
6133.2600,1.177033e-13
6135.6400,1.172321e-13
6138.0200,1.169512e-13
6140.4000,1.165860e-13
6142.7800,1.166065e-13
6145.1600,1.171061e-13
6147.5400,1.177390e-13
6149.9200,1.185230e-13
6152.3000,1.199698e-13
6154.6800,1.213963e-13
6157.0600,1.227738e-13
6159.4400,1.241392e-13
6161.8200,1.254415e-13
6164.2000,1.274253e-13
6166.5800,1.300828e-13
6168.9600,1.327445e-13
6171.3400,1.355085e-13
6173.7200,1.386276e-13
6176.1000,1.415531e-13
6178.4800,1.447066e-13
6180.8600,1.484213e-13
6183.2400,1.522414e-13
6185.6200,1.560470e-13
6188.0000,1.603455e-13
6190.3800,1.646508e-13
6192.7600,1.689168e-13
6195.1400,1.736031e-13
6197.5200,1.786800e-13
6199.9000,1.835631e-13
6202.2800,1.880751e-13
6204.6600,1.923413e-13
6207.0400,1.968961e-13
6209.4200,2.017118e-13
6211.8000,2.064051e-13
6214.1800,2.110111e-13
6216.5600,2.154357e-13
6218.9400,2.198110e-13
6221.3200,2.239742e-13
6223.7000,2.279085e-13
6226.0800,2.317858e-13
6228.4600,2.350892e-13
6230.8400,2.384451e-13
6233.2200,2.417181e-13
6235.6000,2.445720e-13
6237.9800,2.473434e-13
6240.3600,2.504159e-13
6242.7400,2.534330e-13
6245.1200,2.563329e-13
6247.5000,2.591070e-13
6249.8800,2.619706e-13
6252.2600,2.653155e-13
6254.6400,2.683094e-13
6257.0200,2.711476e-13
6259.4000,2.737923e-13
6261.7800,2.760847e-13
6264.1600,2.784726e-13
6266.5400,2.810942e-13
6268.9200,2.824337e-13
6271.3000,2.829349e-13
6273.6800,2.840613e-13
6276.0600,2.861910e-13
6278.4400,2.885400e-13
6280.8200,2.902623e-13
6283.2000,2.925018e-13
6285.5800,2.940612e-13
6287.9600,2.939612e-13
6290.3400,2.950490e-13
6292.7200,2.959793e-13
6295.1000,2.975814e-13
6297.4800,2.994822e-13
6299.8600,3.002497e-13
6302.2400,3.002763e-13
6304.6200,3.012801e-13
6307.0000,3.023287e-13
6309.3800,3.031456e-13
6311.7600,3.037532e-13
6314.1400,3.045065e-13
6316.5200,3.063952e-13
6318.9000,3.052406e-13
6321.2800,3.047336e-13
6323.6600,3.055734e-13
6326.0400,3.049855e-13
6328.4200,3.051302e-13
6330.8000,3.052461e-13
6333.1800,3.054143e-13
6335.5600,3.054243e-13
6337.9400,3.047323e-13
6340.3200,3.035757e-13
6342.7000,3.027132e-13
6345.0800,3.020578e-13
6347.4600,3.012703e-13
6349.8400,3.001885e-13
6352.2200,2.988286e-13
6354.6000,2.973338e-13
6356.9800,2.962061e-13
6359.3600,2.958606e-13
6361.7400,2.954459e-13
6364.1200,2.942759e-13
6366.5000,2.934508e-13
6368.8800,2.929474e-13
6371.2600,2.919934e-13
6373.6400,2.911737e-13
6376.0200,2.910469e-13
6378.4000,2.906772e-13
6380.7800,2.898119e-13
6383.1600,2.892529e-13
6385.5400,2.893399e-13
6387.9200,2.896716e-13
6390.3000,2.896784e-13
6392.6800,2.893248e-13
6395.0600,2.895449e-13
6397.4400,2.896964e-13
6399.8200,2.896286e-13
6402.2000,2.895106e-13
6404.5800,2.885881e-13
6406.9600,2.883547e-13
6409.3400,2.881024e-13
6411.7200,2.874519e-13
6414.1000,2.869797e-13
6416.4800,2.866769e-13
6418.8600,2.858596e-13
6421.2400,2.847548e-13
6423.6200,2.835367e-13
6426.0000,2.822344e-13
6428.3800,2.810654e-13
6430.7600,2.801596e-13
6433.1400,2.788550e-13
6435.5200,2.773020e-13
6437.9000,2.759501e-13
6440.2800,2.747307e-13
6442.6600,2.733910e-13
6445.0400,2.725311e-13
6447.4200,2.716588e-13
6449.8000,2.705644e-13
6452.1800,2.695755e-13
6454.5600,2.687186e-13
6456.9400,2.677233e-13
6459.3200,2.667229e-13
6461.7000,2.659448e-13
6464.0800,2.651888e-13
6466.4600,2.640107e-13
6468.8400,2.625909e-13
6471.2200,2.617356e-13
6473.6000,2.608742e-13
6475.9800,2.595328e-13
6478.3600,2.582382e-13
6480.7400,2.573284e-13
6483.1200,2.560312e-13
6485.5000,2.552953e-13
6487.8800,2.547601e-13
6490.2600,2.534652e-13
6492.6400,2.521407e-13
6495.0200,2.516091e-13
6497.4000,2.515039e-13
6499.7800,2.509455e-13
6502.1600,2.498383e-13
6504.5400,2.488810e-13
6506.9200,2.482137e-13
6509.3000,2.474611e-13
6511.6800,2.463994e-13
6514.0600,2.451042e-13
6516.4400,2.440427e-13
6518.8200,2.436703e-13
6521.2000,2.431074e-13
6523.5800,2.422908e-13
6525.9600,2.417258e-13
6528.3400,2.415244e-13
6530.7200,2.410779e-13
6533.1000,2.398641e-13
6535.4800,2.386380e-13
6537.8600,2.379177e-13
6540.2400,2.374803e-13
6542.6200,2.367678e-13
6545.0000,2.355041e-13
6547.3800,2.344496e-13
6549.7600,2.338871e-13
6552.1400,2.334560e-13
6554.5200,2.328191e-13
6556.9000,2.320092e-13
6559.2800,2.308693e-13
6561.6600,2.296095e-13
6564.0400,2.285269e-13
6566.4200,2.277669e-13
6568.8000,2.272785e-13
6571.1800,2.267789e-13
6573.5600,2.261147e-13
6575.9400,2.253492e-13
6578.3200,2.245560e-13
6580.7000,2.237918e-13
6583.0800,2.231756e-13
6585.4600,2.222778e-13
6587.8400,2.214674e-13
6590.2200,2.205765e-13
6592.6000,2.192605e-13
6594.9800,2.184068e-13
6597.3600,2.177754e-13
6599.7400,2.170378e-13
6602.1200,2.161492e-13
6604.5000,2.152364e-13
6606.8800,2.143824e-13
6609.2600,2.134753e-13
6611.6400,2.123135e-13
6614.0200,2.112734e-13
6616.4000,2.105164e-13
6618.7800,2.097139e-13
6621.1600,2.090896e-13
6623.5400,2.086999e-13
6625.9200,2.078676e-13
6628.3000,2.066271e-13
6630.6800,2.058229e-13
6633.0600,2.055259e-13
6635.4400,2.049502e-13
6637.8200,2.043420e-13
6640.2000,2.040534e-13
6642.5800,2.035856e-13
6644.9600,2.023936e-13
6647.3400,2.016255e-13
6649.7200,2.013814e-13
6652.1000,2.007823e-13
6654.4800,1.996015e-13
6656.8600,1.987014e-13
6659.2400,1.984251e-13
6661.6200,1.979616e-13
6664.0000,1.969718e-13
6666.3800,1.962217e-13
6668.7600,1.960409e-13
6671.1400,1.952739e-13
6673.5200,1.945372e-13
6675.9000,1.936835e-13
6678.2800,1.928265e-13
6680.6600,1.922731e-13
6683.0400,1.916272e-13
6685.4200,1.907193e-13
6687.8000,1.901098e-13
6690.1800,1.896001e-13
6692.5600,1.888748e-13
6694.9400,1.882499e-13
6697.3200,1.877093e-13
6699.7000,1.867050e-13
6702.0800,1.856458e-13
6704.4600,1.849002e-13
6706.8400,1.841698e-13
6709.2200,1.833457e-13
6711.6000,1.828478e-13
6713.9800,1.824783e-13
6716.3600,1.816335e-13
6718.7400,1.803130e-13
6721.1200,1.792707e-13
6723.5000,1.785276e-13
6725.8800,1.778579e-13
6728.2600,1.771140e-13
6730.6400,1.763069e-13
6733.0200,1.755581e-13
6735.4000,1.749186e-13
6737.7800,1.740301e-13
6740.1600,1.728420e-13
6742.5400,1.717222e-13
6744.9200,1.711649e-13
6747.3000,1.712156e-13
6749.6800,1.707975e-13
6752.0600,1.698418e-13
6754.4400,1.688188e-13
6756.8200,1.680499e-13
6759.2000,1.676240e-13
6761.5800,1.673551e-13
6763.9600,1.667216e-13
6766.3400,1.658181e-13
6768.7200,1.650569e-13
6771.1000,1.644617e-13
6773.4800,1.637966e-13
6775.8600,1.631502e-13
6778.2400,1.625367e-13
6780.6200,1.620786e-13
6783.0000,1.617479e-13
6785.3800,1.610524e-13
6787.7600,1.603978e-13
6790.1400,1.602983e-13
6792.5200,1.603148e-13
6794.9000,1.598659e-13
6797.2800,1.593083e-13
6799.6600,1.588516e-13
6802.0400,1.584886e-13
6804.4200,1.580899e-13
6806.8000,1.577141e-13
6809.1800,1.574831e-13
6811.5600,1.570897e-13
6813.9400,1.566822e-13
6816.3200,1.561978e-13
6818.7000,1.558054e-13
6821.0800,1.556766e-13
6823.4600,1.552539e-13
6825.8400,1.546611e-13
6828.2200,1.544039e-13
6830.6000,1.544644e-13
6832.9800,1.543782e-13
6835.3600,1.540030e-13
6837.7400,1.537019e-13
6840.1200,1.536370e-13
6842.5000,1.533693e-13
6844.8800,1.528710e-13
6847.2600,1.527396e-13
6849.6400,1.527224e-13
6852.0200,1.525480e-13
6854.4000,1.519611e-13
6856.7800,1.511014e-13
6859.1600,1.507264e-13
6861.5400,1.511821e-13
6863.9200,1.503630e-13
6866.3000,1.492749e-13
6868.6800,1.491777e-13
6871.0600,1.496349e-13
6873.4400,1.498401e-13
6875.8200,1.495457e-13
6878.2000,1.488965e-13
6880.5800,1.481531e-13
6882.9600,1.472837e-13
6885.3400,1.463663e-13
6887.7200,1.463088e-13
6890.1000,1.462968e-13
6892.4800,1.458220e-13
6894.8600,1.453071e-13
6897.2400,1.451439e-13
6899.6200,1.449533e-13
6902.0000,1.447855e-13
6904.3800,1.443060e-13
6906.7600,1.436363e-13
6909.1400,1.431617e-13
6911.5200,1.427744e-13
6913.9000,1.426118e-13
6916.2800,1.425517e-13
6918.6600,1.423563e-13
6921.0400,1.419482e-13
6923.4200,1.414828e-13
6925.8000,1.411668e-13
6928.1800,1.410316e-13
6930.5600,1.407394e-13
6932.9400,1.404032e-13
6935.3200,1.403784e-13
6937.7000,1.403709e-13
6940.0800,1.408928e-13
6942.4600,1.414679e-13
6944.8400,1.415202e-13
6947.2200,1.414015e-13
6949.6000,1.417300e-13
6951.9800,1.417008e-13
6954.3600,1.412746e-13
6956.7400,1.411936e-13
6959.1200,1.416542e-13
6961.5000,1.419928e-13
6963.8800,1.421029e-13
6966.2600,1.419738e-13
6968.6400,1.416501e-13
6971.0200,1.415116e-13
6973.4000,1.416783e-13
6975.7800,1.413835e-13
6978.1600,1.409802e-13
6980.5400,1.406390e-13
6982.9200,1.403004e-13
6985.3000,1.398164e-13
6987.6800,1.390180e-13
6990.0600,1.382313e-13
6992.4400,1.378816e-13
6994.8200,1.377948e-13
6997.2000,1.375907e-13
6999.5800,1.373801e-13
7001.9600,1.374784e-13
7004.3400,1.372708e-13
7006.7200,1.369773e-13
7009.1000,1.367222e-13
7011.4800,1.363976e-13
7013.8600,1.366735e-13
7016.2400,1.362723e-13
7018.6200,1.358917e-13
7021.0000,1.359995e-13
7023.3800,1.359480e-13
7025.7600,1.357823e-13
7028.1400,1.361110e-13
7030.5200,1.361494e-13
7032.9000,1.360377e-13
7035.2800,1.361543e-13
7037.6600,1.359175e-13
7040.0400,1.355742e-13
7042.4200,1.355932e-13
7044.8000,1.356788e-13
7047.1800,1.356524e-13
7049.5600,1.356571e-13
7051.9400,1.353303e-13
7054.3200,1.351976e-13
7056.7000,1.352741e-13
7059.0800,1.353732e-13
7061.4600,1.354707e-13
7063.8400,1.355031e-13
7066.2200,1.353877e-13
7068.6000,1.352622e-13
7070.9800,1.352532e-13
7073.3600,1.352573e-13
7075.7400,1.350744e-13
7078.1200,1.348283e-13
7080.5000,1.348278e-13
7082.8800,1.347243e-13
7085.2600,1.343830e-13
7087.6400,1.342603e-13
7090.0200,1.343993e-13
7092.4000,1.344725e-13
7094.7800,1.342490e-13
7097.1600,1.340651e-13
7099.5400,1.341786e-13
7101.9200,1.341798e-13
7104.3000,1.343042e-13
7106.6800,1.344483e-13
7109.0600,1.341997e-13
7111.4400,1.336881e-13
7113.8200,1.335394e-13
7116.2000,1.334301e-13
7118.5800,1.330809e-13
7120.9600,1.328215e-13
7123.3400,1.326991e-13
7125.7200,1.324372e-13
7128.1000,1.323693e-13
7130.4800,1.320412e-13
7132.8600,1.316725e-13
7135.2400,1.314474e-13
7137.6200,1.312937e-13
7140.0000,1.313214e-13
7142.3800,1.310655e-13
7144.7600,1.307473e-13
7147.1400,1.306771e-13
7149.5200,1.305750e-13
7151.9000,1.302156e-13
7154.2800,1.305225e-13
7156.6600,1.303979e-13
7159.0400,1.301763e-13
7161.4200,1.299618e-13
7163.8000,1.292522e-13
7166.1800,1.296534e-13
7168.5600,1.301609e-13
7170.9400,1.303119e-13
7173.3200,1.302054e-13
7175.7000,1.300015e-13
7178.0800,1.299532e-13
7180.4600,1.296421e-13
7182.8400,1.297186e-13
7185.2200,1.296916e-13
7187.6000,1.290371e-13
7189.9800,1.286930e-13
7192.3600,1.285960e-13
7194.7400,1.285068e-13
7197.1200,1.283311e-13
7199.5000,1.279860e-13
7201.8800,1.275530e-13
7204.2600,1.274453e-13
7206.6400,1.272387e-13
7209.0200,1.272405e-13
7211.4000,1.268049e-13
7213.7800,1.255036e-13
7216.1600,1.250818e-13
7218.5400,1.249974e-13
7220.9200,1.250758e-13
7223.3000,1.250218e-13
7225.6800,1.247014e-13
7228.0600,1.246218e-13
7230.4400,1.247483e-13
7232.8200,1.248929e-13
7235.2000,1.248354e-13
7237.5800,1.243607e-13
7239.9600,1.236968e-13
7242.3400,1.236016e-13
7244.7200,1.232657e-13
7247.1000,1.226421e-13
7249.4800,1.220200e-13
7251.8600,1.216884e-13
7254.2400,1.219562e-13
7256.6200,1.215457e-13
7259.0000,1.208899e-13
7261.3800,1.206810e-13
7263.7600,1.208028e-13
7266.1400,1.208056e-13
7268.5200,1.205019e-13
7270.9000,1.201031e-13
7273.2800,1.201342e-13
7275.6600,1.205831e-13
7278.0400,1.206948e-13
7280.4200,1.201255e-13
7282.8000,1.197191e-13
7285.1800,1.194492e-13
7287.5600,1.191192e-13
7289.9400,1.188264e-13
7292.3200,1.183684e-13
7294.7000,1.177017e-13
7297.0800,1.172004e-13
7299.4600,1.169945e-13
7301.8400,1.167085e-13
7304.2200,1.160641e-13
7306.6000,1.156163e-13
7308.9800,1.152962e-13
7311.3600,1.148949e-13
7313.7400,1.141550e-13
7316.1200,1.132581e-13
7318.5000,1.130614e-13
7320.8800,1.118703e-13
7323.2600,1.113735e-13
7325.6400,1.114970e-13
7328.0200,1.104547e-13
7330.4000,1.100135e-13
7332.7800,1.096617e-13
7335.1600,1.095662e-13
7337.5400,1.094176e-13
7339.9200,1.088282e-13
7342.3000,1.083958e-13
7344.6800,1.081060e-13
7347.0600,1.076535e-13
7349.4400,1.072673e-13
7351.8200,1.070354e-13
7354.2000,1.065996e-13
7356.5800,1.060745e-13
7358.9600,1.054903e-13
7361.3400,1.050810e-13
7363.7200,1.047420e-13
7366.1000,1.043204e-13
7368.4800,1.042394e-13
7370.8600,1.041946e-13
7373.2400,1.041721e-13
7375.6200,1.039761e-13
7378.0000,1.036003e-13
7380.3800,1.034702e-13
7382.7600,1.031539e-13
7385.1400,1.029246e-13
7387.5200,1.027602e-13
7389.9000,1.025516e-13
7392.2800,1.024484e-13
7394.6600,1.022692e-13
7397.0400,1.020068e-13
7399.4200,1.019777e-13
7401.8000,1.020936e-13
7404.1800,1.020070e-13
7406.5600,1.018878e-13
7408.9400,1.017520e-13
7411.3200,1.015557e-13
7413.7000,1.013053e-13
7416.0800,1.010084e-13
7418.4600,1.006134e-13
7420.8400,1.001478e-13
7423.2200,9.987019e-14
7425.6000,9.954202e-14
7427.9800,9.907488e-14
7430.3600,9.876990e-14
7432.7400,9.830682e-14
7435.1200,9.767148e-14
7437.5000,9.689009e-14
7439.8800,9.633400e-14
7442.2600,9.614600e-14
7444.6400,9.553286e-14
7447.0200,9.461000e-14
7449.4000,9.371963e-14
7451.7800,9.281040e-14
7454.1600,9.191954e-14
7456.5400,9.132804e-14
7458.9200,9.036235e-14
7461.3000,8.939666e-14
7463.6800,8.866691e-14
7466.0600,8.804999e-14
7468.4400,8.748070e-14
7470.8200,8.686185e-14
7473.2000,8.624372e-14
7475.5800,8.571144e-14
7477.9600,8.511561e-14
7480.3400,8.450110e-14
7482.7200,8.438334e-14
7485.1000,8.411593e-14
7487.4800,8.373008e-14
7489.8600,8.335839e-14
7492.2400,8.281498e-14
7494.6200,8.215730e-14
7497.0000,8.197378e-14
7499.3800,8.162280e-14
7501.7600,8.097885e-14
7504.1400,8.046886e-14
7506.5200,8.029561e-14
7508.9000,8.050923e-14
7511.2800,8.048482e-14
7513.6600,8.018865e-14
7516.0400,8.001505e-14
7518.4200,8.015024e-14
7520.8000,8.050431e-14
7523.1800,8.109813e-14
7525.5600,8.146707e-14
7527.9400,8.153633e-14
7530.3200,8.183711e-14
7532.7000,8.258464e-14
7535.0800,8.299325e-14
7537.4600,8.320287e-14
7539.8400,8.348702e-14
7542.2200,8.392404e-14
7544.6000,8.440981e-14
7546.9800,8.456807e-14
7549.3600,8.500993e-14
7551.7400,8.579982e-14
7554.1200,8.653879e-14
7556.5000,8.701365e-14
7558.8800,8.729445e-14
7561.2600,8.752880e-14
7563.6400,8.768598e-14
7566.0200,8.806027e-14
7568.4000,8.859929e-14
7570.7800,8.866501e-14
7573.1600,8.905825e-14
7575.5400,8.949835e-14
7577.9200,8.964495e-14
7580.3000,8.969706e-14
7582.6800,9.006792e-14
7585.0600,9.082695e-14
7587.4400,9.097226e-14
7589.8200,9.134579e-14
7592.2000,9.195364e-14
7594.5800,9.187677e-14
7596.9600,9.231786e-14
7599.3400,9.239491e-14
7601.7200,9.130381e-14
7604.1000,8.977179e-14
7606.4800,8.914404e-14
7608.8600,8.974627e-14
7611.2400,9.105563e-14
7613.6200,9.273146e-14
7616.0000,9.383582e-14
7618.3800,9.390515e-14
7620.7600,9.369116e-14
7623.1400,9.352969e-14
7625.5200,9.317797e-14
7627.9000,9.308295e-14
7630.2800,9.333174e-14
7632.6600,9.341947e-14
7635.0400,9.360958e-14
7637.4200,9.422003e-14
7639.8000,9.425374e-14
7642.1800,9.374997e-14
7644.5600,9.404220e-14
7646.9400,9.520037e-14
7649.3200,9.503722e-14
7651.7000,9.455372e-14
7654.0800,9.467075e-14
7656.4600,9.484651e-14
7658.8400,9.473854e-14
7661.2200,9.514732e-14
7663.6000,9.508143e-14
7665.9800,9.498946e-14
7668.3600,9.503472e-14
7670.7400,9.465715e-14
7673.1200,9.484919e-14
7675.5000,9.500298e-14
7677.8800,9.481035e-14
7680.2600,9.489108e-14
7682.6400,9.510221e-14
7685.0200,9.425010e-14
7687.4000,9.393791e-14
7689.7800,9.381141e-14
7692.1600,9.343588e-14
7694.5400,9.340381e-14
7696.9200,9.402477e-14
7699.3000,9.420719e-14
7701.6800,9.445228e-14
7704.0600,9.480764e-14
7706.4400,9.507059e-14
7708.8200,9.537484e-14
7711.2000,9.572978e-14
7713.5800,9.639250e-14
7715.9600,9.676533e-14
7718.3400,9.662608e-14
7720.7200,9.665272e-14
7723.1000,9.729175e-14
7725.4800,9.774929e-14
7727.8600,9.805541e-14
7730.2400,9.834262e-14
7732.6200,9.868915e-14
7735.0000,9.913381e-14
7737.3800,9.918528e-14
7739.7600,9.959432e-14
7742.1400,1.000353e-13
7744.5200,1.002910e-13
7746.9000,1.007318e-13
7749.2800,1.007886e-13
7751.6600,1.009961e-13
7754.0400,1.016392e-13
7756.4200,1.021006e-13
7758.8000,1.021336e-13
7761.1800,1.025692e-13
7763.5600,1.028239e-13
7765.9400,1.030843e-13
7768.3200,1.035710e-13
7770.7000,1.038952e-13
7773.0800,1.038987e-13
7775.4600,1.045788e-13
7777.8400,1.048308e-13
7780.2200,1.045917e-13
7782.6000,1.047957e-13
7784.9800,1.055202e-13
7787.3600,1.057564e-13
7789.7400,1.058326e-13
7792.1200,1.058160e-13
7794.5000,1.059511e-13
7796.8800,1.063576e-13
7799.2600,1.064575e-13
7801.6400,1.066438e-13
7804.0200,1.066795e-13
7806.4000,1.067336e-13
7808.7800,1.069034e-13
7811.1600,1.069404e-13
7813.5400,1.076375e-13
7815.9200,1.076618e-13
7818.3000,1.075259e-13
7820.6800,1.079065e-13
7823.0600,1.081644e-13
7825.4400,1.084090e-13
7827.8200,1.082720e-13
7830.2000,1.080107e-13
7832.5800,1.081548e-13
7834.9600,1.083920e-13
7837.3400,1.078713e-13
7839.7200,1.077482e-13
7842.1000,1.079418e-13
7844.4800,1.080910e-13
7846.8600,1.081686e-13
7849.2400,1.079900e-13
7851.6200,1.072969e-13
7854.0000,1.073024e-13
7856.3800,1.077598e-13
7858.7600,1.079131e-13
7861.1400,1.078886e-13
7863.5200,1.077483e-13
7865.9000,1.073736e-13
7868.2800,1.071053e-13
7870.6600,1.068332e-13
7873.0400,1.063557e-13
7875.4200,1.061600e-13
7877.8000,1.057774e-13
7880.1800,1.057800e-13
7882.5600,1.054907e-13
7884.9400,1.047664e-13
7887.3200,1.049148e-13
7889.7000,1.043149e-13
7892.0800,1.042086e-13
7894.4600,1.043673e-13
7896.8400,1.043788e-13
7899.2200,1.048335e-13
7901.6000,1.048523e-13
7903.9800,1.046557e-13
7906.3600,1.044202e-13
7908.7400,1.041967e-13
7911.1200,1.042290e-13
7913.5000,1.046763e-13
7915.8800,1.048552e-13
7918.2600,1.044590e-13
7920.6400,1.043228e-13
7923.0200,1.046376e-13
7925.4000,1.043428e-13
7927.7800,1.041393e-13
7930.1600,1.040838e-13
7932.5400,1.038618e-13
7934.9200,1.036822e-13
7937.3000,1.038985e-13
7939.6800,1.039664e-13
7942.0600,1.040587e-13
7944.4400,1.039342e-13
7946.8200,1.034298e-13
7949.2000,1.029409e-13
7951.5800,1.029169e-13
7953.9600,1.030946e-13
7956.3400,1.027664e-13
7958.7200,1.022677e-13
7961.1000,1.020186e-13
7963.4800,1.016192e-13
7965.8600,1.016337e-13
7968.2400,1.015953e-13
7970.6200,1.014123e-13
7973.0000,1.013654e-13
7975.3800,1.013124e-13
7977.7600,1.009032e-13
7980.1400,1.008494e-13
7982.5200,1.006694e-13
7984.9000,1.000188e-13
7987.2800,9.951342e-14
7989.6600,9.948595e-14
7992.0400,9.931501e-14
7994.4200,9.884643e-14
7996.8000,9.829648e-14
7999.1800,9.770533e-14
8001.5600,9.696054e-14
8003.9400,9.639118e-14
8006.3200,9.592312e-14
8008.7000,9.534913e-14
8011.0800,9.469833e-14
8013.4600,9.418573e-14
8015.8400,9.378951e-14
8018.2200,9.315200e-14
8020.6000,9.247734e-14
8022.9800,9.192954e-14
8025.3600,9.134679e-14
8027.7400,9.074417e-14
8030.1200,9.027696e-14
8032.5000,9.000686e-14
8034.8800,8.969512e-14
8037.2600,8.912342e-14
8039.6400,8.853586e-14
8042.0200,8.841886e-14
8044.4000,8.857552e-14
8046.7800,8.860883e-14
8049.1600,8.845062e-14
8051.5400,8.836138e-14
8053.9200,8.845766e-14
8056.3000,8.848414e-14
8058.6800,8.870833e-14
8061.0600,8.903063e-14
8063.4400,8.900830e-14
8065.8200,8.890034e-14
8068.2000,8.893853e-14
8070.5800,8.903048e-14
8072.9600,8.909237e-14
8075.3400,8.927663e-14
8077.7200,8.963901e-14
8080.1000,8.966558e-14
8082.4800,8.983166e-14
8084.8600,9.011335e-14
8087.2400,9.029781e-14
8089.6200,9.059504e-14
8092.0000,9.092704e-14
8094.3800,9.107721e-14
8096.7600,9.085696e-14
8099.1400,9.053546e-14
8101.5200,9.070380e-14
8103.9000,9.136351e-14
8106.2800,9.140196e-14
8108.6600,9.137885e-14
8111.0400,9.142094e-14
8113.4200,9.131586e-14
8115.8000,9.155880e-14
8118.1800,9.146880e-14
8120.5600,9.120854e-14
8122.9400,9.073602e-14
8125.3200,9.028720e-14
8127.7000,9.042865e-14
8130.0800,9.051781e-14
8132.4600,9.018124e-14
8134.8400,8.989725e-14
8137.2200,8.991319e-14
8139.6000,8.979846e-14
8141.9800,8.929294e-14
8144.3600,8.881143e-14
8146.7400,8.841564e-14
8149.1200,8.785295e-14
8151.5000,8.697221e-14
8153.8800,8.601285e-14
8156.2600,8.544173e-14
8158.6400,8.482093e-14
8161.0200,8.407844e-14
8163.4000,8.313982e-14
8165.7800,8.175842e-14
8168.1600,8.056977e-14
8170.5400,7.934043e-14
8172.9200,7.887681e-14
8175.3000,7.882891e-14
8177.6800,7.801700e-14
8180.0600,7.720872e-14
8182.4400,7.617139e-14
8184.8200,7.522087e-14
8187.2000,7.426424e-14
8189.5800,7.305071e-14
8191.9600,7.199738e-14
8194.3400,7.101287e-14
8196.7200,6.991983e-14
8199.1000,6.882442e-14
8201.4800,6.773796e-14
8203.8600,6.649827e-14
8206.2400,6.543579e-14
8208.6200,6.493066e-14
8211.0000,6.445981e-14
8213.3800,6.395415e-14
8215.7600,6.382714e-14
8218.1400,6.356358e-14
8220.5200,6.313120e-14
8222.9000,6.284061e-14
8225.2800,6.258935e-14
8227.6600,6.221694e-14
8230.0400,6.201541e-14
8232.4200,6.185806e-14
8234.8000,6.171492e-14
8237.1800,6.139377e-14
8239.5600,6.094017e-14
8241.9400,6.064364e-14
8244.3200,6.023413e-14
8246.7000,5.993158e-14
8249.0800,5.990697e-14
8251.4600,5.995866e-14
8253.8400,5.992567e-14
8256.2200,6.009890e-14
8258.6000,6.035476e-14
8260.9800,6.062704e-14
8263.3600,6.073180e-14
8265.7400,6.056229e-14
8268.1200,6.039469e-14
8270.5000,6.043130e-14
8272.8800,6.076402e-14
8275.2600,6.106085e-14
8277.6400,6.115423e-14
8280.0200,6.138797e-14
8282.4000,6.183785e-14
8284.7800,6.213580e-14
8287.1600,6.206124e-14
8289.5400,6.196610e-14
8291.9200,6.215733e-14
8294.3000,6.206591e-14
8296.6800,6.155123e-14
8299.0600,6.163233e-14
8301.4400,6.215190e-14
8303.8200,6.219132e-14
8306.2000,6.206207e-14
8308.5800,6.217854e-14
8310.9600,6.247772e-14
8313.3400,6.238904e-14
8315.7200,6.189970e-14
8318.1000,6.176031e-14
8320.4800,6.197074e-14
8322.8600,6.220857e-14
8325.2400,6.235156e-14
8327.6200,6.272261e-14
8330.0000,6.324377e-14
8332.3800,6.299056e-14
8334.7600,6.302960e-14
8337.1400,6.324584e-14
8339.5200,6.331098e-14
8341.9000,6.344760e-14
8344.2800,6.379880e-14
8346.6600,6.435813e-14
8349.0400,6.502008e-14
8351.4200,6.546212e-14
8353.8000,6.560573e-14
8356.1800,6.580466e-14
8358.5600,6.617078e-14
8360.9400,6.660481e-14
8363.3200,6.720270e-14
8365.7000,6.787239e-14
8368.0800,6.838499e-14
8370.4600,6.892278e-14
8372.8400,6.942370e-14
8375.2200,6.983967e-14
8377.6000,7.023571e-14
8379.9800,7.072349e-14
8382.3600,7.139696e-14
8384.7400,7.231071e-14
8387.1200,7.315772e-14
8389.5000,7.381326e-14
8391.8800,7.429822e-14
8394.2600,7.460112e-14
8396.6400,7.497625e-14
8399.0200,7.566557e-14
8401.4000,7.611064e-14
8403.7800,7.651034e-14
8406.1600,7.747655e-14
8408.5400,7.807462e-14
8410.9200,7.886628e-14
8413.3000,7.967852e-14
8415.6800,8.023161e-14
8418.0600,8.070618e-14
8420.4400,8.123328e-14
8422.8200,8.178107e-14
8425.2000,8.257164e-14
8427.5800,8.350692e-14
8429.9600,8.429845e-14
8432.3400,8.484407e-14
8434.7200,8.515425e-14
8437.1000,8.580517e-14
8439.4800,8.644419e-14
8441.8600,8.690499e-14
8444.2400,8.769707e-14
8446.6200,8.862153e-14
8449.0000,8.928901e-14
8451.3800,8.995307e-14
8453.7600,9.090986e-14
8456.1400,9.166576e-14
8458.5200,9.153156e-14
8460.9000,9.171986e-14
8463.2800,9.223913e-14
8465.6600,9.292351e-14
8468.0400,9.361501e-14
8470.4200,9.392814e-14
8472.8000,9.413991e-14
8475.1800,9.423000e-14
8477.5600,9.433150e-14
8479.9400,9.476943e-14
8482.3200,9.553250e-14
8484.7000,9.596643e-14
8487.0800,9.581422e-14
8489.4600,9.577444e-14
8491.8400,9.625570e-14
8494.2200,9.688868e-14
8496.6000,9.722692e-14
8498.9800,9.723422e-14
8501.3600,9.745765e-14
8503.7400,9.771502e-14
8506.1200,9.767882e-14
8508.5000,9.780026e-14
8510.8800,9.827485e-14
8513.2600,9.844097e-14
8515.6400,9.828689e-14
8518.0200,9.833164e-14
8520.4000,9.867637e-14
8522.7800,9.874837e-14
8525.1600,9.832118e-14
8527.5400,9.810623e-14
8529.9200,9.843236e-14
8532.3000,9.893799e-14
8534.6800,9.934576e-14
8537.0600,9.931010e-14
8539.4400,9.915770e-14
8541.8200,9.905090e-14
8544.2000,9.879452e-14
8546.5800,9.845632e-14
8548.9600,9.862598e-14
8551.3400,9.904907e-14
8553.7200,9.915449e-14
8556.1000,9.894684e-14
8558.4800,9.880176e-14
8560.8600,9.856295e-14
8563.2400,9.842496e-14
8565.6200,9.843637e-14
8568.0000,9.870058e-14
8570.3800,9.926209e-14
8572.7600,9.972160e-14
8575.1400,9.971007e-14
8577.5200,9.949137e-14
8579.9000,9.894127e-14
8582.2800,9.809342e-14
8584.6600,9.769535e-14
8587.0400,9.778583e-14
8589.4200,9.808618e-14
8591.8000,9.832127e-14
8594.1800,9.847757e-14
8596.5600,9.855042e-14
8598.9400,9.815691e-14
8601.3200,9.756117e-14
8603.7000,9.728721e-14
8606.0800,9.726873e-14
8608.4600,9.715724e-14
8610.8400,9.714587e-14
8613.2200,9.730989e-14
8615.6000,9.744971e-14
8617.9800,9.737356e-14
8620.3600,9.725331e-14
8622.7400,9.724315e-14
8625.1200,9.666777e-14
8627.5000,9.627029e-14
8629.8800,9.645496e-14
8632.2600,9.668537e-14
8634.6400,9.655034e-14
8637.0200,9.668556e-14
8639.4000,9.712523e-14
8641.7800,9.736055e-14
8644.1600,9.714760e-14
8646.5400,9.680006e-14
8648.9200,9.664717e-14
8651.3000,9.639003e-14
8653.6800,9.603989e-14
8656.0600,9.580235e-14
8658.4400,9.585465e-14
8660.8200,9.617444e-14
8663.2000,9.637813e-14
8665.5800,9.652958e-14
8667.9600,9.672007e-14
8670.3400,9.686026e-14
8672.7200,9.670071e-14
8675.1000,9.612709e-14
8677.4800,9.607932e-14
8679.8600,9.612500e-14
8682.2400,9.603965e-14
8684.6200,9.620042e-14
8687.0000,9.625875e-14
8689.3800,9.643869e-14
8691.7600,9.663558e-14
8694.1400,9.672910e-14
8696.5200,9.663484e-14
8698.9000,9.616377e-14
8701.2800,9.538107e-14
8703.6600,9.457911e-14
8706.0400,9.440162e-14
8708.4200,9.496413e-14
8710.8000,9.561087e-14
8713.1800,9.598738e-14
8715.5600,9.609758e-14
8717.9400,9.613775e-14
8720.3200,9.601325e-14
8722.7000,9.555291e-14
8725.0800,9.509696e-14
8727.4600,9.492812e-14
8729.8400,9.445477e-14
8732.2200,9.395622e-14
8734.6000,9.408111e-14
8736.9800,9.451291e-14
8739.3600,9.499883e-14
8741.7400,9.527439e-14
8744.1200,9.513519e-14
8746.5000,9.452190e-14
8748.8800,9.355990e-14
8751.2600,9.256041e-14
8753.6400,9.195419e-14
8756.0200,9.199402e-14
8758.4000,9.246962e-14
8760.7800,9.289836e-14
8763.1600,9.299620e-14
8765.5400,9.271602e-14
8767.9200,9.234711e-14
8770.3000,9.216832e-14
8772.6800,9.198316e-14
8775.0600,9.134526e-14
8777.4400,9.059535e-14
8779.8200,8.999474e-14
8782.2000,8.962897e-14
8784.5800,8.951163e-14
8786.9600,8.964327e-14
8789.3400,8.990923e-14
8791.7200,8.975310e-14
8794.1000,8.913040e-14
8796.4800,8.838931e-14
8798.8600,8.775526e-14
8801.2400,8.711520e-14
8803.6200,8.631056e-14
8806.0000,8.615544e-14
8808.3800,8.635309e-14
8810.7600,8.593350e-14
8813.1400,8.524913e-14
8815.5200,8.531288e-14
8817.9000,8.533563e-14
8820.2800,8.467476e-14
8822.6600,8.376560e-14
8825.0400,8.313490e-14
8827.4200,8.229344e-14
8829.8000,8.142324e-14
8832.1800,8.086962e-14
8834.5600,8.069575e-14
8836.9400,8.066209e-14
8839.3200,8.049732e-14
8841.7000,8.020324e-14
8844.0800,7.963360e-14
8846.4600,7.874843e-14
8848.8400,7.769466e-14
8851.2200,7.662025e-14
8853.6000,7.569069e-14
8855.9800,7.537815e-14
8858.3600,7.552546e-14
8860.7400,7.553598e-14
8863.1200,7.518860e-14
8865.5000,7.477185e-14
8867.8800,7.408403e-14
8870.2600,7.316126e-14
8872.6400,7.225466e-14
8875.0200,7.150944e-14
8877.4000,7.094751e-14
8879.7800,7.068764e-14
8882.1600,7.066030e-14
8884.5400,7.071390e-14
8886.9200,7.054861e-14
8889.3000,6.992334e-14
8891.6800,6.938052e-14
8894.0600,6.871430e-14
8896.4400,6.791011e-14
8898.8200,6.725329e-14
8901.2000,6.694638e-14
8903.5800,6.703957e-14
8905.9600,6.674757e-14
8908.3400,6.625906e-14
8910.7200,6.593260e-14
8913.1000,6.571368e-14
8915.4800,6.573732e-14
8917.8600,6.570620e-14
8920.2400,6.548536e-14
8922.6200,6.514227e-14
8925.0000,6.479189e-14
8927.3800,6.449657e-14
8929.7600,6.428365e-14
8932.1400,6.446127e-14
8934.5200,6.490521e-14
8936.9000,6.518676e-14
8939.2800,6.512704e-14
8941.6600,6.487739e-14
8944.0400,6.459254e-14
8946.4200,6.432401e-14
8948.8000,6.428328e-14
8951.1800,6.450058e-14
8953.5600,6.447368e-14
8955.9400,6.461397e-14
8958.3200,6.503147e-14
8960.7000,6.543765e-14
8963.0800,6.564383e-14
8965.4600,6.562347e-14
8967.8400,6.499178e-14
8970.2200,6.449402e-14
8972.6000,6.472724e-14
8974.9800,6.514203e-14
8977.3600,6.505230e-14
8979.7400,6.540606e-14
8982.1200,6.611645e-14
8984.5000,6.673413e-14
8986.8800,6.721448e-14
8989.2600,6.763703e-14
8991.6400,6.764306e-14
8994.0200,6.733585e-14
8996.4000,6.706076e-14
8998.7800,6.689109e-14
9001.1600,6.713372e-14
9003.5400,6.823878e-14
9005.9200,6.884394e-14
9008.3000,6.933531e-14
9010.6800,7.028162e-14
9013.0600,7.134697e-14
9015.4400,7.194906e-14
9017.8200,7.210473e-14
9020.2000,7.122023e-14
9022.5800,6.984079e-14
9024.9600,6.914243e-14
9027.3400,6.938095e-14
9029.7200,6.951364e-14
9032.1000,6.899726e-14
9034.4800,6.825407e-14
9036.8600,6.747089e-14
9039.2400,6.665102e-14
9041.6200,6.618875e-14
9044.0000,6.581627e-14
9046.3800,6.552834e-14
9048.7600,6.546368e-14
9051.1400,6.531796e-14
9053.5200,6.474079e-14
9055.9000,6.454882e-14
9058.2800,6.490817e-14
9060.6600,6.548399e-14
9063.0400,6.560253e-14
9065.4200,6.505254e-14
9067.8000,6.483034e-14
9070.1800,6.518753e-14
9072.5600,6.515317e-14
9074.9400,6.480027e-14
9077.3200,6.474799e-14
9079.7000,6.450735e-14
9082.0800,6.442733e-14
9084.4600,6.450356e-14
9086.8400,6.468812e-14
9089.2200,6.478855e-14
9091.6000,6.460370e-14
9093.9800,6.465136e-14
9096.3600,6.455567e-14
9098.7400,6.459844e-14
9101.1200,6.481391e-14
9103.5000,6.453455e-14
9105.8800,6.382054e-14
9108.2600,6.349709e-14
9110.6400,6.366246e-14
9113.0200,6.377008e-14
9115.4000,6.368358e-14
9117.7800,6.394946e-14
9120.1600,6.424726e-14
9122.5400,6.432859e-14
9124.9200,6.399884e-14
9127.3000,6.373295e-14
9129.6800,6.406694e-14
9132.0600,6.367979e-14
9134.4400,6.332121e-14
9136.8200,6.315588e-14
9139.2000,6.297587e-14
9141.5800,6.299727e-14
9143.9600,6.324306e-14
9146.3400,6.385371e-14
9148.7200,6.413790e-14
9151.1000,6.398418e-14
9153.4800,6.385775e-14
9155.8600,6.371713e-14
9158.2400,6.379715e-14
9160.6200,6.367478e-14
9163.0000,6.348282e-14
9165.3800,6.368940e-14
9167.7600,6.394161e-14
9170.1400,6.336186e-14
9172.5200,6.317552e-14
9174.9000,6.361147e-14
9177.2800,6.391267e-14
9179.6600,6.379269e-14
9182.0400,6.363626e-14
9184.4200,6.364941e-14
9186.8000,6.418670e-14
9189.1800,6.454396e-14
9191.5600,6.390954e-14
9193.9400,6.318668e-14
9196.3200,6.320057e-14
9198.7000,6.347990e-14
9201.0800,6.370488e-14
9203.4600,6.411381e-14
9205.8400,6.470746e-14
9208.2200,6.500719e-14
9210.6000,6.573515e-14
9212.9800,6.645584e-14
9215.3600,6.657473e-14
9217.7400,6.642128e-14
9220.1200,6.614591e-14
9222.5000,6.582950e-14
9224.8800,6.664814e-14
9227.2600,6.793073e-14
9229.6400,6.815186e-14
9232.0200,6.828436e-14
9234.4000,6.905038e-14
9236.7800,6.904170e-14
9239.1600,6.805738e-14
9241.5400,6.787677e-14
9243.9200,6.911892e-14
9246.3000,6.878029e-14
9248.6800,6.761093e-14
9251.0600,6.674625e-14
9253.4400,6.606361e-14
9255.8200,6.553110e-14
9258.2000,6.613928e-14
9260.5800,6.699029e-14
9262.9600,6.823611e-14
9265.3400,6.921361e-14
9267.7200,6.871277e-14
9270.1000,6.757322e-14
9272.4800,6.710752e-14
9274.8600,6.665570e-14
9277.2400,6.620746e-14
9279.6200,6.624990e-14
9282.0000,6.636459e-14
9284.3800,6.645110e-14
9286.7600,6.665715e-14
9289.1400,6.730056e-14
9291.5200,6.806235e-14
9293.9000,6.827779e-14
9296.2800,6.826510e-14
9298.6600,6.811888e-14
9301.0400,6.774909e-14
9303.4200,6.722768e-14
9305.8000,6.702078e-14
9308.1800,6.757810e-14
9310.5600,6.816938e-14
9312.9400,6.815927e-14
9315.3200,6.837742e-14
9317.7000,6.896079e-14
9320.0800,6.850931e-14
9322.4600,6.811939e-14
9324.8400,6.834639e-14
9327.2200,6.798744e-14
9329.6000,6.691541e-14
9331.9800,6.655650e-14
9334.3600,6.664538e-14
9336.7400,6.722123e-14
9339.1200,6.803585e-14
9341.5000,6.913546e-14
9343.8800,7.048939e-14
9346.2600,7.093980e-14
9348.6400,6.940210e-14
9351.0200,6.696934e-14
9353.4000,6.627626e-14
9355.7800,6.760849e-14
9358.1600,6.806507e-14
9360.5400,6.741556e-14
9362.9200,6.641548e-14
9365.3000,6.631464e-14
9367.6800,6.711610e-14
9370.0600,6.746812e-14
9372.4400,6.707789e-14
9374.8200,6.639715e-14
9377.2000,6.547324e-14
9379.5800,6.528820e-14
9381.9600,6.590549e-14
9384.3400,6.488281e-14
9386.7200,6.408258e-14
9389.1000,6.353353e-14
9391.4800,6.305494e-14
9393.8600,6.290161e-14
9396.2400,6.285815e-14
9398.6200,6.310327e-14
9401.0000,6.331753e-14
9403.3800,6.360445e-14
9405.7600,6.374025e-14
9408.1400,6.323604e-14
9410.5200,6.288490e-14
9412.9000,6.277125e-14
9415.2800,6.236679e-14
9417.6600,6.179590e-14
9420.0400,6.152442e-14
9422.4200,6.138015e-14
9424.8000,6.206633e-14
9427.1800,6.358567e-14
9429.5600,6.442215e-14
9431.9400,6.348369e-14
9434.3200,6.203947e-14
9436.7000,6.186279e-14
9439.0800,6.177681e-14
9441.4600,6.185387e-14
9443.8400,6.179688e-14
9446.2200,6.044828e-14
9448.6000,5.974369e-14
9450.9800,5.986149e-14
9453.3600,5.995701e-14
9455.7400,6.005832e-14
9458.1200,6.036067e-14
9460.5000,5.993097e-14
9462.8800,5.962565e-14
9465.2600,5.902753e-14
9467.6400,5.875036e-14
9470.0200,5.912567e-14
9472.4000,5.871812e-14
9474.7800,5.852290e-14
9477.1600,5.851468e-14
9479.5400,5.852774e-14
9481.9200,5.861118e-14
9484.3000,5.834139e-14
9486.6800,5.708247e-14
9489.0600,5.689065e-14
9491.4400,5.745979e-14
9493.8200,5.793961e-14
9496.2000,5.829287e-14
9498.5800,5.793242e-14
9500.9600,5.733657e-14
9503.3400,5.675612e-14
9505.7200,5.571827e-14
9508.1000,5.436553e-14
9510.4800,5.392658e-14
9512.8600,5.424554e-14
9515.2400,5.503692e-14
9517.6200,5.636701e-14
9520.0000,5.734660e-14
9522.3800,5.688667e-14
9524.7600,5.649347e-14
9527.1400,5.637597e-14
9529.5200,5.605653e-14
9531.9000,5.553332e-14
9534.2800,5.517493e-14
9536.6600,5.498306e-14
9539.0400,5.514011e-14
9541.4200,5.563840e-14
9543.8000,5.691849e-14
9546.1800,5.845613e-14
9548.5600,5.811236e-14
9550.9400,5.593966e-14
9553.3200,5.452523e-14
9555.7000,5.369413e-14
9558.0800,5.267067e-14
9560.4600,5.221114e-14
9562.8400,5.149433e-14
9565.2200,5.157527e-14
9567.6000,5.220248e-14
9569.9800,5.239626e-14
9572.3600,5.188313e-14
9574.7400,5.119277e-14
9577.1200,5.150054e-14
9579.5000,5.166597e-14
9581.8800,5.113850e-14
9584.2600,5.058553e-14
9586.6400,5.018045e-14
9589.0200,4.994673e-14
9591.4000,4.976246e-14
9593.7800,4.943220e-14
9596.1600,4.913282e-14
9598.5400,4.913009e-14
9600.9200,4.882014e-14
9603.3000,4.807927e-14
9605.6800,4.744263e-14
9608.0600,4.728865e-14
9610.4400,4.738761e-14
9612.8200,4.735334e-14
9615.2000,4.729355e-14
9617.5800,4.727332e-14
9619.9600,4.712045e-14
9622.3400,4.691118e-14
9624.7200,4.713141e-14
9627.1000,4.760764e-14
9629.4800,4.765613e-14
9631.8600,4.695573e-14
9634.2400,4.594549e-14
9636.6200,4.519323e-14
9639.0000,4.450324e-14
9641.3800,4.427997e-14
9643.7600,4.447047e-14
9646.1400,4.477123e-14
9648.5200,4.508825e-14
9650.9000,4.530757e-14
9653.2800,4.503222e-14
9655.6600,4.479753e-14
9658.0400,4.451166e-14
9660.4200,4.385164e-14
9662.8000,4.338124e-14
9665.1800,4.284724e-14
9667.5600,4.241348e-14
9669.9400,4.227853e-14
9672.3200,4.228240e-14
9674.7000,4.208365e-14
9677.0800,4.168829e-14
9679.4600,4.160769e-14
9681.8400,4.196281e-14
9684.2200,4.220552e-14
9686.6000,4.180805e-14
9688.9800,4.108955e-14
9691.3600,4.056925e-14
9693.7400,4.024188e-14
9696.1200,4.006526e-14
9698.5000,4.016251e-14
9700.8800,4.058848e-14
