wavelength_A,flux_erg_s_A
3000.0,5.369393907142354e+39
3003.5017508754377,5.3635783665133785e+39
3007.0035017508753,5.3577484951278486e+39
3010.505252626313,5.3519044705495397e+39
3014.0070035017507,5.346046469276477e+39
3017.508754377189,5.3401746667445817e+39
3021.0105052526264,5.334289237331278e+39
3024.512256128064,5.3283903543591513e+39
3028.014007003502,5.322478190099618e+39
3031.5157578789394,5.316552915776604e+39
3035.017508754377,5.3106147015702426e+39
3038.5192596298148,5.3046637166205996e+39
3042.0210105052524,5.298700129031394e+39
3045.5227613806906,5.292724105873743e+39
3049.024512256128,5.286735813189931e+39
3052.526263131566,5.280735415997175e+39
3056.0280140070035,5.274723078291402e+39
3059.529764882441,5.2686989630510684e+39
3063.031515757879,5.262663232240951e+39
3066.5332666333165,5.256616046815968e+39
3070.035017508754,5.250557566725029e+39
3073.536768384192,5.244487950914857e+39
3077.03851925963,5.238407357333849e+39
3080.5402701350677,5.23231594293592e+39
3084.0420210105053,5.226213863684406e+39
3087.543771885943,5.2201012745558953e+39
3091.0455227613807,5.213978329544139e+39
3094.5472736368183,5.207845181663925e+39
3098.049024512256,5.2017019829549636e+39
3101.5507753876936,5.195548884485802e+39
3105.0525262631318,5.1893860363577004e+39
3108.5542771385694,5.1832135877085214e+39
3112.056028014007,5.1770316867166384e+39
3115.5577788894448,5.1708404806048254e+39
3119.0595297648824,5.16464011564413e+39
3122.56128064032,5.1584307371577334e+39
3126.0630315157578,5.152212489524843e+39
3129.5647823911954,5.1459855161845024e+39
3133.066533266633,5.1397499596394234e+39
3136.568284142071,5.133505961459766e+39
3140.070035017509,5.127253662286897e+39
3143.5717858929465,5.12099320183709e+39
3147.073536768384,5.114724718905174e+39
3150.575287643822,5.1084483513681026e+39
3154.0770385192595,5.1021642361884655e+39
3157.578789394697,5.095872509417858e+39
3161.080540270135,5.089573306200147e+39
3164.582291145573,5.0832667607745844e+39
3168.0840420210106,5.076953006478727e+39
3171.5857928964483,5.070632175751126e+39
3175.087543771886,5.064304400133776e+39
3178.5892946473236,5.0579698102742285e+39
3182.0910455227613,5.05162853592729e+39
3185.592796398199,5.045280705956316e+39
3189.0945472736366,5.0389264483339096e+39
3192.5962981490748,5.0325658901419945e+39
3196.0980490245124,5.02619915757108e+39
3199.59979989995,5.0198263759186284e+39
3203.1015507753878,5.01344766958631e+39
3206.6033016508254,5.0070631620759566e+39
3210.105052526263,5.000672975983965e+39
3213.6068034017007,4.994277232993934e+39
3217.1085542771384,4.987876053867098e+39
3220.610305152576,4.981469558430287e+39
3224.112056028014,4.9750578655609077e+39
3227.613806903452,4.96864109316848e+39
3231.1155577788895,4.962219358172092e+39
3234.617308654327,4.9557927764730944e+39
3238.119059529765,4.9493614629222906e+39
3241.6208104052025,4.942925531280651e+39
3245.12256128064,4.936485094172495e+39
3248.624312156078,4.9300402630299806e+39
3252.1260630315155,4.923591148027437e+39
3255.6278139069536,4.917137858004033e+39
3259.1295647823913,4.9106805003728705e+39
3262.631315657829,4.9042191810144706e+39
3266.1330665332666,4.8977540041523096e+39
3269.6348174087043,4.8912850722076444e+39
3273.136568284142,4.88481248563063e+39
3276.6383191595796,4.878336342704268e+39
3280.1400700350177,4.871856739317273e+39
3283.6418209104554,4.8653737687014365e+39
3287.143571785893,4.8588875211286096e+39
3290.6453226613307,4.8523980835616624e+39
3294.1470735367684,4.8459055392532745e+39
3297.648824412206,4.839409967285565e+39
3301.1505752876437,4.832911442042807e+39
3304.6523261630814,4.826410032608657e+39
3308.154077038519,4.819905802078238e+39
3311.655827913957,4.813398806774589e+39
3315.157578789395,4.806889095357689e+39
3318.6593296648325,4.800376707813196e+39
3322.16108054027,4.7938616743067684e+39
3325.662831415708,4.78734401388839e+39
3329.1645822911455,4.7808237330297306e+39
3332.666333166583,4.774300823976117e+39
3336.168084042021,4.767775262892887e+39
3339.6698349174585,4.7612470077844857e+39
3343.1715857928966,4.754715996162666e+39
3346.6733366683343,4.748182142438502e+39
3350.175087543772,4.74164533501107e+39
3353.6768384192096,4.735105433023636e+39
3357.1785892946473,4.728562262756478e+39
3360.680340170085,4.722015613623423e+39
3364.1820910455226,4.7154652337373826e+39
3367.6838419209603,4.7089108250083314e+39
3371.185592796398,4.702352037735482e+39
3374.687343671836,4.6957884646537176e+39
3378.1890945472737,4.6892196343930124e+39
3381.6908454227114,4.682645004308201e+39
3385.192596298149,4.6760639526355336e+39
3388.6943471735867,4.669475769931746e+39
3392.1960980490244,4.6628796497509996e+39
3395.697848924462,4.6562746785151696e+39
3399.1995997999,4.649659824533437e+39
3402.701350675338,4.643033926128397e+39
3406.2031015507755,4.6363956788274196e+39
3409.704852426213,4.62974362158062e+39
3413.206603301651,4.623076121969844e+39
3416.7083541770885,4.616391360377187e+39
3420.210105052526,4.6096873130865087e+39
3423.711855927964,4.602961734297351e+39
3427.2136068034015,4.596212137037741e+39
3430.7153576788396,4.589435772970488e+39
3434.2171085542773,4.5826296110970436e+39
3437.718859429715,4.5757903153735853e+39
3441.2206103051526,4.568914221266049e+39
3444.7223611805903,4.5619973112840866e+39
3448.224112056028,4.555035189548761e+39
3451.7258629314656,4.548023055464883e+39
3455.2276138069033,4.54095567658644e+39
3458.729364682341,4.5338273607824696e+39
3462.231115557779,4.526631927831179e+39
3465.7328664332167,4.519362680591307e+39
3469.2346173086544,4.512012375922911e+39
3472.736368184092,4.504573195553148e+39
3476.2381190595297,4.4970367171076687e+39
3479.7398699349674,4.489393885553563e+39
3483.241620810405,4.481634985325901e+39
3486.7433716858427,4.4737496134362276e+39
3490.2451225612804,4.465726653887808e+39
3493.7468734367185,4.457554253748453e+39
3497.248624312156,4.449219801257434e+39
3500.750375187594,4.440709906367341e+39
3504.2521260630315,4.432010384145134e+39
3507.753876938469,4.423106241477921e+39
3511.255627813907,4.413981667548253e+39
3514.7573786893445,4.4046200285600967e+39
3518.2591295647826,4.395003867210063e+39
3521.76088044022,4.3851149074079665e+39
3525.262631315658,4.374934064756232e+39
3528.7643821910956,4.3644414632984285e+39
3532.2661330665333,4.3536164590427134e+39
3535.767883941971,4.3424376707558884e+39
3539.2696348174086,4.330883018507539e+39
3542.7713856928463,4.3189297704209765e+39
3546.273136568284,4.3065545980581187e+39
3549.774887443722,4.2937336408284385e+39
3553.2766383191597,4.280442579767958e+39
3556.7783891945974,4.266656720981951e+39
3560.280140070035,4.252351088985457e+39
3563.7818909454727,4.2375005301078834e+39
3567.2836418209104,4.2220798260526493e+39
3570.785392696348,4.2060638176198934e+39
3574.287143571786,4.1894275385100976e+39
3577.7888944472234,4.172146359029399e+39
3581.2906453226615,4.1541961394140257e+39
3584.792396198099,4.135553392382431e+39
3588.294147073537,4.11619545440959e+39
3591.7958979489745,4.096100665100438e+39
3595.297648824412,4.0752485539185265e+39
3598.79939969985,4.0536200334035796e+39
3602.3011505752875,4.0311975978887766e+39
3605.8029014507256,4.007965526606398e+39
3609.304652326163,3.983910089950921e+39
3612.806403201601,3.959019757552665e+39
3616.3081540770386,3.9332854067049825e+39
3619.8099049524762,3.9067005295844506e+39
3623.311655827914,3.8792614376094154e+39
3626.8134067033516,3.850967461198047e+39
3630.3151575787892,3.821821143115264e+39
3633.816908454227,3.7918284235397595e+39
3637.318659329665,3.7609988149393346e+39
3640.8204102051022,3.729345564816609e+39
3644.3221610805404,3.6968858043786474e+39
3647.823911955978,3.6636406811953794e+39
3651.3256628314157,3.629635473942001e+39
3654.8274137068533,3.5948996873731876e+39
3658.329164582291,3.559467125749851e+39
3661.8309154577287,3.5233759430347463e+39
3665.3326663331663,3.486668668290358e+39
3668.8344172086045,3.4493922048514106e+39
3672.336168084042,3.4115978020046437e+39
3675.83791895948,3.373340998089081e+39
3679.3396698349175,3.3346815341303295e+39
3682.841420710355,3.29568323734053e+39
3686.343171585793,3.2564138740503803e+39
3689.8449224612305,3.216944971888853e+39
3693.3466733366686,3.177351611287741e+39
3696.848424212106,3.137712186659779e+39
3700.350175087544,3.0981081378776464e+39
3703.8519259629816,3.058623652964632e+39
3707.3536768384192,3.019345343191859e+39
3710.855427713857,2.9803618920602704e+39
3714.3571785892946,2.941763679923052e+39
3717.8589294647322,2.9036423862739464e+39
3721.36068034017,2.866090571984883e+39
3724.862431215608,2.829201244019563e+39
3728.364182091045,2.793067405375012e+39
3731.8659329664833,2.7577815932071706e+39
3735.367683841921,2.723435408277307e+39
3738.8694347173587,2.6901190390095658e+39
3742.3711855927963,2.6579207835753067e+39
3745.872936468234,2.6269265735137387e+39
3749.3746873436717,2.5972195024597128e+39
3752.8764382191093,2.568879363576855e+39
3756.3781890945475,2.5419821992862814e+39
3759.879939969985,2.5165998668377583e+39
3763.381690845423,2.492799623190751e+39
3766.8834417208604,2.470643732558252e+39
3770.385192596298,2.4501890998165412e+39
3773.886943471736,2.4314869328011392e+39
3777.3886943471734,2.4145824362940464e+39
3780.890445222611,2.3995145402625126e+39
3784.3921960980488,2.3863156646369676e+39
3787.893946973487,2.3750115226186218e+39
3791.3956978489246,2.3656209641882983e+39
3794.897448724362,2.3581558611509067e+39
3798.3991995998,2.352621034698299e+39
3801.9009504752376,2.3490142261105748e+39
3805.402701350675,2.3473261108465964e+39
3808.904452226113,2.347540355902332e+39
3812.406203101551,2.3496337199448145e+39
3815.907953976988,2.3535761953641746e+39
3819.4097048524263,2.359331191030274e+39
3822.911455727864,2.3668557541978332e+39
3826.4132066033017,2.3761008296784194e+39
3829.9149574787393,2.3870115540925403e+39
3833.416708354177,2.3995275827337592e+39
3836.9184592296147,2.4135834463219643e+39
3840.4202101050523,2.42910893469732e+39
3843.9219609804904,2.4460295043120888e+39
3847.4237118559276,2.4642667062162257e+39
3850.9254627313658,2.4837386311058467e+39
3854.4272136068034,2.5043603679118792e+39
3857.928964482241,2.526044472350549e+39
3861.4307153576788,2.5487014418370067e+39
3864.9324662331164,2.5722401931786637e+39
3868.434217108554,2.5965685395144177e+39
3871.9359679839918,2.6215936630487834e+39
3875.43771885943,2.6472225802444054e+39
3878.9394697348675,2.6733625962804823e+39
3882.441220610305,2.699921745756149e+39
3885.942971485743,2.726809216813932e+39
3889.4447223611805,2.7539357560767923e+39
3892.946473236618,2.7812140520294124e+39
3896.448224112056,2.808559094727563e+39
3899.9499749874935,2.8358885099852584e+39
3903.451725862931,2.8631228664645604e+39
3906.9534767383693,2.8901859543742953e+39
3910.455227613807,2.917005034768069e+39
3913.9569784892446,2.9435110587158944e+39
3917.4587293646823,2.969638855904167e+39
3920.96048024012,2.995327292492922e+39
3924.4622311155576,3.0205193983245314e+39
3927.9639819909953,3.045162463831551e+39
3931.4657328664334,3.0692081072313805e+39
3934.9674837418706,3.0926123128193795e+39
3938.4692346173088,3.115335441378622e+39
3941.9709854927464,3.137342213911938e+39
3945.472736368184,3.158601670069364e+39
3948.9744872436218,3.179087102790313e+39
3952.4762381190594,3.1987759708046655e+39
3955.977988994497,3.2176497907397806e+39
3959.4797398699347,3.2356940106615007e+39
3962.981490745373,3.252897866936474e+39
3966.48324162081,3.269254226341418e+39
3969.984992496248,3.28475941536279e+39
3973.486743371686,3.299413038628411e+39
3976.9884942471235,3.313217788392815e+39
3980.490245122561,3.326179246960605e+39
3983.991995997999,3.338305683879298e+39
3987.4937468734365,3.3496078496659145e+39
3990.995497748874,3.3600987677517306e+39
3994.4972486243123,3.3697935262387284e+39
3997.99899949975,3.3787090709610725e+39
4001.5007503751876,3.386864001237012e+39
4005.0025012506253,3.394278369582615e+39
4008.504252126063,3.400973486540359e+39
4012.0060030015006,3.4069717316543184e+39
4015.5077538769383,3.412296371500999e+39
4019.0095047523764,3.416971385562299e+39
4022.5112556278136,3.4210213006056204e+39
4026.0130065032517,3.424471034117502e+39
4029.514757378689,3.427345747221695e+39
4033.016508254127,3.429670707402179e+39
4036.5182591295647,3.43147116124605e+39
4040.0200100050024,3.4327722173221934e+39
4043.52176088044,3.433598739218935e+39
4047.0235117558777,3.433975248678512e+39
4050.525262631316,3.433925838688149e+39
4054.027013506753,3.433474096317242e+39
4057.528764382191,3.432643035027566e+39
4061.030515257629,3.431455036128696e+39
4064.5322661330665,3.4299317990038877e+39
4068.034017008504,3.4280942996920357e+39
4071.535767883942,3.425962757379338e+39
4075.03751875938,3.423556608329085e+39
4078.539269634817,3.420894486759511e+39
4082.0410205102553,3.4179942121674433e+39
4085.5427713856925,3.414872782589083e+39
4089.0445222611306,3.4115463732881404e+39
4092.5462731365683,3.4080303403653686e+39
4096.048024012006,3.40433922879168e+39
4099.549774887444,3.400486784379049e+39
4103.051525762881,3.396485969218708e+39
4106.553276638319,3.3923489801344656e+39
4110.055027513757,3.3880872697195525e+39
4113.556778389195,3.3837115695479446e+39
4117.058529264632,3.3792319151752994e+39
4120.56028014007,3.374657672569666e+39
4124.062031015508,3.3699975656382074e+39
4127.563781890945,3.3652597045423246e+39
4131.065532766383,3.3604516145200116e+39
4134.567283641821,3.355580264960374e+39
4138.069034517259,3.350652098500937e+39
4141.570785392696,3.3456730599433485e+39
4145.072536268134,3.3406486248071895e+39
4148.574287143572,3.33558382736481e+39
4152.0760380190095,3.330483288021889e+39
4155.577788894447,3.325351239929304e+39
4159.079539769885,3.320191554731205e+39
4162.581290645323,3.3150077673722066e+39
4166.08304152076,3.309803099903261e+39
4169.584792396198,3.304580484241023e+39
4173.0865432716355,3.2993425838493114e+39
4176.588294147074,3.2940918143237206e+39
4180.090045022511,3.288830362871651e+39
4183.591795897949,3.2835602066896955e+39
4187.093546773387,3.278283130249122e+39
4190.595297648824,3.273000741507455e+39
4194.097048524262,3.267714487070602e+39
4197.5987993997,3.2624256663352644e+39
4201.100550275138,3.257135444645675e+39
4204.602301150575,3.2518448655022947e+39
4208.104052026013,3.246554861862703e+39
4211.605802901451,3.241266266576945e+39
4215.107553776888,3.235979822000891e+39
4218.609304652326,3.230696188831938e+39
4222.111055527764,3.2254159542116283e+39
4225.612806403202,3.22013963913955e+39
4229.114557278639,3.214867705242333e+39
4232.616308154077,3.2096005609406535e+39
4236.118059029514,3.2043385670559915e+39
4239.6198099049525,3.1990820418975374e+39
4243.12156078039,3.1938312658680646e+39
4246.623311655828,3.188586485625892e+39
4250.125062531266,3.183347917838328e+39
4253.626813406703,3.1781157525600667e+39
4257.128564282141,3.1728901562682116e+39
4260.6303151575785,3.1676712745835986e+39
4264.132066033017,3.1624592347063117e+39
4267.633816908454,3.157254147591339e+39
4271.135567783892,3.152056109888533e+39
4274.63731865933,3.146865205669284e+39
4278.139069534767,3.1416815079605906e+39
4281.6408204102045,3.136505080105571e+39
4285.142571285643,3.1313359769679606e+39
4288.644322161081,3.1261742459966006e+39
4292.146073036518,3.121019928164577e+39
4295.647823911956,3.1158730587963484e+39
4299.149574787394,3.110733668295011e+39
4302.651325662831,3.1056017827806387e+39
4306.153076538269,3.100477424649677e+39
4309.654827413707,3.095360613064343e+39
4313.156578289145,3.090251364380068e+39
4316.658329164582,3.085149692518253e+39
4320.16008004002,3.080055609290775e+39
4323.661830915457,3.0749691246820875e+39
4327.1635817908955,3.0698902470940497e+39
4330.665332666333,3.064818983558073e+39
4334.167083541771,3.059755339918675e+39
4337.668834417209,3.054699320992075e+39
4341.170585292646,3.0496509307029915e+39
4344.672336168084,3.044610172202488e+39
4348.1740870435215,3.039577047969342e+39
4351.67583791896,3.034551559897121e+39
4355.177588794397,3.029533709368887e+39
4358.679339669835,3.02452349732118e+39
4362.181090545273,3.019520924298801e+39
4365.68284142071,3.014525990501595e+39
4369.1845922961475,3.009538695824433e+39
4372.686343171586,3.004559039891264e+39
4376.188094047024,2.999587022084177e+39
4379.689844922461,2.994622641568116e+39
4383.191595797899,2.9896658973119084e+39
4386.693346673337,2.984716788106166e+39
4390.195097548774,2.9797753125784744e+39
4393.696848424212,2.9748414692063404e+39
4397.19859929965,2.96991525632816e+39
4400.700350175088,2.964996672152584e+39
4404.202101050525,2.96008571476646e+39
4407.703851925963,2.9551823821416155e+39
4411.2056028014,2.9502866721406447e+39
4414.7073536768385,2.9453985825218587e+39
4418.209104552276,2.9405181109435295e+39
4421.710855427714,2.935645254967538e+39
4425.212606303152,2.930780012062532e+39
4428.714357178589,2.925922379606665e+39
4432.216108054027,2.9210723548899773e+39
4435.7178589294645,2.916229935116491e+39
4439.219609804903,2.911395117406069e+39
4442.72136068034,2.9065678987960486e+39
4446.223111555778,2.9017482762427215e+39
4449.724862431216,2.8969362466226736e+39
4453.226613306653,2.892131806733996e+39
4456.72836418209,2.8873349532973844e+39
4460.230115057529,2.8825456829572016e+39
4463.731865932967,2.87776399228242e+39
4467.233616808404,2.872989877767541e+39
4470.735367683842,2.868223335833447e+39
4474.237118559279,2.863464362828224e+39
4477.738869434717,2.858712955027949e+39
4481.240620310155,2.853969108637443e+39
4484.742371185593,2.8492328197910094e+39
4488.244122061031,2.8445040845531423e+39
4491.745872936468,2.8397828989192284e+39
4495.247623811906,2.8350692588162194e+39
4498.749374687343,2.8303631601033044e+39
4502.251125562781,2.825664598572573e+39
4505.752876438219,2.820973569949649e+39
4509.254627313657,2.816290069894336e+39
4512.756378189095,2.8116140940012495e+39
4516.258129064532,2.806945637800434e+39
4519.75987993997,2.802284696757989e+39
4523.261630815407,2.797631266276658e+39
4526.763381690846,2.792985341696466e+39
4530.265132566283,2.7883469182952894e+39
4533.766883441721,2.7837159912894604e+39
4537.268634317159,2.779092555834363e+39
4540.770385192596,2.7744766070250135e+39
4544.272136068033,2.7698681398966363e+39
4547.773886943472,2.76526714942524e+39
4551.27563781891,2.7606736305282e+39
4554.777388694347,2.756087578064816e+39
4558.279139569785,2.7515089868368746e+39
4561.780890445222,2.746937851589218e+39
4565.28264132066,2.742374167010285e+39
4568.7843921960975,2.7378179277326817e+39
4572.286143071536,2.7332691283337115e+39
4575.787893946974,2.7287277633359304e+39
4579.289644822411,2.72419382720768e+39
4582.791395697849,2.7196673143636244e+39
4586.293146573286,2.7151482191652926e+39
4589.794897448724,2.710636535921587e+39
4593.296648324162,2.7061322588893373e+39
4596.7983991996,2.7016353822737964e+39
4600.300150075038,2.697145900229163e+39
4603.801900950475,2.6926638068591142e+39
4607.303651825912,2.6881890962172924e+39
4610.80540270135,2.6837217623078242e+39
4614.307153576789,2.6792617990858278e+39
4617.808904452226,2.674809200457899e+39
4621.310655327664,2.670363960282623e+39
4624.812406203102,2.665926072371062e+39
4628.314157078539,2.6614955304872412e+39
4631.815907953976,2.6570723283486382e+39
4635.3176588294145,2.6526564596266635e+39
4638.819409704853,2.6482479179471485e+39
4642.32116058029,2.6438466968908084e+39
4645.822911455728,2.6394527899937255e+39
4649.324662331165,2.6350661907478148e+39
4652.826413206603,2.630686892601286e+39
4656.3281640820405,2.6263148889591182e+39
4659.829914957479,2.6219501731835033e+39
4663.331665832917,2.6175927385943168e+39
4666.833416708354,2.6132425784695644e+39
4670.335167583792,2.6088996860458315e+39
4673.836918459229,2.6045640545187292e+39
4677.338669334667,2.6002356770433402e+39
4680.840420210105,2.5959145467346633e+39
4684.342171085543,2.5916006566680435e+39
4687.843921960981,2.5872939998796022e+39
4691.345672836418,2.5829945693666848e+39
4694.847423711855,2.5787023580882726e+39
4698.349174587293,2.5744173589654102e+39
4701.8509254627315,2.5701395648816397e+39
4705.352676338169,2.5658689686834034e+39
4708.854427213607,2.561605563180465e+39
4712.356178089045,2.5573493411463306e+39
4715.857928964482,2.5531002953186442e+39
4719.359679839919,2.5488584183995977e+39
4722.8614307153575,2.5446237030563425e+39
4726.363181590796,2.540396141921379e+39
4729.864932466233,2.536175727592961e+39
4733.366683341671,2.5319624526354822e+39
4736.868434217108,2.5277563095798697e+39
4740.370185092546,2.523557290923969e+39
4743.8719359679835,2.5193653891329282e+39
4747.373686843422,2.515180596639572e+39
4750.87543771886,2.511002905844785e+39
4754.377188594297,2.5068323091178663e+39
4757.878939469735,2.5026687987969143e+39
4761.380690345172,2.4985123671891644e+39
4764.88244122061,2.494363006571359e+39
4768.384192096048,2.490220709190087e+39
4771.885942971486,2.4860854672621216e+39
4775.387693846924,2.4819572729747584e+39
4778.889444722361,2.4778361184861195e+39
4782.391195597798,2.4737219959254772e+39
4785.892946473236,2.4696148973935385e+39
4789.3946973486745,2.4655148149627274e+39
4792.896448224112,2.4614217406774398e+39
4796.39819909955,2.4573356665542825e+39
4799.899949974987,2.4532565845822765e+39
4803.401700850425,2.4491844867230383e+39
4806.903451725862,2.445119364910913e+39
4810.4052026013005,2.441061211053064e+39
4813.906953476739,2.4370100170295142e+39
4817.408704352176,2.4329657746931076e+39
4820.910455227614,2.428928475869406e+39
4824.412206103051,2.4248981123564825e+39
4827.913956978489,2.4208746759246045e+39
4831.4157078539265,2.416858158315789e+39
4834.917458729365,2.4128485512431812e+39
4838.419209604803,2.4088458463902667e+39
4841.92096048024,2.4048500354098394e+39
4845.422711355678,2.4008611099226986e+39
4848.924462231115,2.3968790615160475e+39
4852.426213106553,2.39290388174149e+39
4855.927963981991,2.3889355621125994e+39
4859.429714857429,2.3849740941019445e+39
4862.931465732867,2.3810194691375033e+39
4866.433216608304,2.377071678598339e+39
4869.934967483741,2.373130713809407e+39
4873.436718359179,2.36919656603536e+39
4876.9384692346175,2.3652692264731652e+39
4880.440220110055,2.361348686243304e+39
4883.941970985493,2.3574349363793826e+39
4887.44372186093,2.3535279678158195e+39
4890.945472736368,2.349627771373324e+39
4894.447223611805,2.3457343377418177e+39
4897.9489744872435,2.3418476574603394e+39
4901.450725362682,2.3379677208935207e+39
4904.952476238119,2.3340945182040185e+39
4908.454227113557,2.330228039320332e+39
4911.955977988994,2.326368273899279e+39
4915.457728864432,2.3225152112822926e+39
4918.9594797398695,2.31866884044467e+39
4922.461230615308,2.3148291499366748e+39
4925.962981490746,2.310996127815348e+39
4929.464732366183,2.3071697615656752e+39
4932.96648324162,2.303350038009602e+39
4936.468234117058,2.2995369432012152e+39
4939.969984992496,2.2957304623061702e+39
4943.471735867934,2.2919305794632527e+39
4946.973486743372,2.288137277625671e+39
4950.47523761881,2.2843505383794476e+39
4953.976988494247,2.280570341735936e+39
4957.478739369684,2.2767966658951878e+39
4960.980490245122,2.2730294869765335e+39
4964.4822411205605,2.2692687787123827e+39
4967.983991995998,2.2655145121007866e+39
4971.485742871436,2.2617666550119322e+39
4974.987493746873,2.2580251717432336e+39
4978.489244622311,2.2542900225171652e+39
4981.990995497748,2.250561162915536e+39
4985.4927463731865,2.2468385432432438e+39
4988.994497248625,2.243122107814059e+39
4992.496248124062,2.2394117941503328e+39
4995.9979989995,2.2357075320879034e+39
4999.499749874937,2.2320092427768697e+39
5003.001500750375,2.2283168375681926e+39
5006.5032516258125,2.224630216775449e+39
5010.005002501251,2.220949268300416e+39
5013.506753376689,2.2172738661104882e+39
5017.008504252126,2.2136038685552754e+39
5020.510255127563,2.2099391165091594e+39
5024.012006003001,2.2062794313259822e+39
5027.513756878439,2.2026246125915136e+39
5031.015507753877,2.1989744356589236e+39
5034.517258629315,2.1953286489520245e+39
5038.019009504753,2.1916869710209183e+39
5041.52076038019,2.188049087334335e+39
5045.022511255627,2.184414646793083e+39
5048.524262131065,2.180783257949091e+39
5052.0260130065035,2.1771544849148487e+39
5055.527763881941,2.173527842948573e+39
5059.029514757378,2.169902793701205e+39
5062.531265632817,2.1662787401123186e+39
5066.033016508254,2.162655020943311e+39
5069.534767383691,2.1590309049378764e+39
5073.0365182591295,2.1554055846016378e+39
5076.538269134568,2.1517781695951333e+39
5080.040020010005,2.1481476797370235e+39
5083.541770885442,2.1445130376173852e+39
5087.04352176088,2.1408730608245572e+39
5090.545272636318,2.1372264537928382e+39
5094.0470235117555,2.133571799282734e+39
5097.548774387194,2.1299075495103634e+39
5101.050525262632,2.1262320169478366e+39
5104.552276138069,2.1225433648223117e+39
5108.054027013506,2.1188395973475628e+39
5111.555777888944,2.1151185497286866e+39
5115.057528764382,2.1113778779876055e+39
5118.55927963982,2.107615048664574e+39
5122.061030515258,2.103827328458769e+39
5125.562781390696,2.1000117738791862e+39
5129.064532266133,2.0961652209855547e+39
5132.56628314157,2.0922842753075596e+39
5136.068034017008,2.0883653020394172e+39
5139.5697848924465,2.0844044166156235e+39
5143.071535767884,2.0803974757823167e+39
5146.573286643321,2.0763400692872867e+39
5150.07503751876,2.072227512319776e+39
5153.576788394197,2.0680548388390463e+39
5157.078539269634,2.063816795937859e+39
5160.5802901450725,2.0595078393935425e+39
5164.082041020511,2.0551221305649574e+39
5167.583791895948,2.0506535347982973e+39
5171.085542771385,2.0460956215081565e+39
5174.587293646823,2.0414416661024464e+39
5178.089044522261,2.0366846539204192e+39
5181.5907953976985,2.0318172863520785e+39
5185.092546273137,2.0268319893045608e+39
5188.594297148575,2.02172092417641e+39
5192.096048024012,2.016476001493958e+39
5195.597798899449,2.0110888973551848e+39
5199.099549774887,2.0055510728153264e+39
5202.601300650325,1.9998537963350476e+39
5206.103051525763,1.993988169396128e+39
5209.604802401201,1.9879451553713632e+39
5213.106553276639,1.9817156117146994e+39
5216.608304152076,1.9752903255143896e+39
5220.110055027513,1.968660052426562e+39
5223.611805902951,1.9618155589787427e+39
5227.1135567783895,1.9547476682029147e+39
5230.615307653827,1.9474473085256796e+39
5234.117058529264,1.9399055658092365e+39
5237.618809404703,1.9321137384013854e+39
5241.12056028014,1.9240633950158233e+39
5244.622311155577,1.915746435225936e+39
5248.1240620310155,1.9071551523164834e+39
5251.625812906454,1.8982822981980776e+39
5255.127563781891,1.8891211500498808e+39
5258.629314657328,1.8796655783166442e+39
5262.131065532766,1.8699101156475008e+39
5265.632816408204,1.859850026326319e+39
5269.134567283641,1.8494813757072193e+39
5272.63631815908,1.838801099134679e+39
5276.138069034518,1.8278070697957318e+39
5279.639819909955,1.816498164922767e+39
5283.141570785392,1.804874329739647e+39
5286.64332166083,1.7929366385219785e+39
5290.145072536268,1.7806873521245474e+39
5293.646823411706,1.7681299713158847e+39
5297.148574287144,1.7552692852520605e+39
5300.650325162582,1.7421114144195082e+39
5304.152076038019,1.728663847380304e+39
5307.653826913456,1.7149354706635958e+39
5311.155577788894,1.7009365911638956e+39
5314.657328664332,1.686678950431167e+39
5318.15907953977,1.672175730269509e+39
5321.660830415207,1.657441549101011e+39
5325.162581290645,1.6424924485992625e+39
5328.664332166083,1.6273458701533003e+39
5332.16608304152,1.6120206207876164e+39
5335.667833916958,1.596536828237308e+39
5339.169584792397,1.5809158849595843e+39
5342.671335667834,1.5651803809532623e+39
5346.173086543271,1.549354025356737e+39
5349.674837418709,1.5334615569016103e+39
5353.176588294147,1.5175286434130233e+39
5356.678339169584,1.5015817706684402e+39
5360.180090045023,1.4856481210529363e+39
5363.681840920461,1.4697554425802213e+39
5367.183591795898,1.4539319089828594e+39
5370.685342671335,1.4382059717117028e+39
5374.187093546773,1.4226062048210284e+39
5377.688844422211,1.407161143850739e+39
5381.1905952976485,1.3918991199480553e+39
5384.692346173086,1.3768480905961628e+39
5388.194097048525,1.362035468433813e+39
5391.695847923962,1.3474879497553126e+39
5395.197598799399,1.333231344372164e+39
5398.699349674837,1.3192904085933767e+39
5402.201100550275,1.3056886831379982e+39
5405.702851425713,1.292448337828847e+39
5409.20460230115,1.2795900249280996e+39
5412.706353176588,1.2671327429612617e+39
5416.208104052026,1.2550937128342843e+39
5419.709854927463,1.243488267977993e+39
5423.211605802901,1.2323297601533588e+39
5426.71335667834,1.2216294824204224e+39
5430.215107553777,1.2113966106125095e+39
5433.716858429214,1.2016381644672439e+39
5437.218609304652,1.1923589893476559e+39
5440.72036018009,1.183561759242887e+39
5444.222111055527,1.1752470014713262e+39
5447.7238619309655,1.1674131432231057e+39
5451.225612806404,1.1600565797777762e+39
5454.727363681841,1.1531717639214112e+39
5458.229114557278,1.1467513157708238e+39
5461.730865432716,1.1407861518962855e+39
5465.232616308154,1.1352656323244658e+39
5468.7343671835915,1.1301777237060516e+39
5472.236118059029,1.1255091766540793e+39
5475.737868934468,1.1212457150052127e+39
5479.239619809905,1.1173722345329977e+39
5482.741370685342,1.1138730084546379e+39
5486.24312156078,1.1107318969260987e+39
5489.744872436218,1.107932557618082e+39
5493.246623311656,1.105458654411121e+39
5496.748374187093,1.1032940612438074e+39
5500.250125062531,1.1014230581952838e+39
5503.751875937969,1.0998305169817257e+39
5507.253626813406,1.098502073195616e+39
5510.755377688844,1.097424282814079e+39
5514.2571285642825,1.0965847607451801e+39
5517.75887943972,1.095972299464578e+39
5521.260630315157,1.0955769661142212e+39
5524.762381190595,1.0953901767836157e+39
5528.264132066033,1.095404747066059e+39
5531.76588294147,1.0956149183696745e+39
5535.2676338169085,1.0960163598586127e+39
5538.769384692347,1.096606146295414e+39
5542.271135567784,1.0973827124436987e+39
5545.772886443221,1.0983457850631869e+39
5549.274637318659,1.0994962938796382e+39
5552.776388194097,1.1008362632337587e+39
5556.2781390695345,1.1023686863997252e+39
5559.779889944972,1.1040973848104839e+39
5563.28164082041,1.1060268546294708e+39
5566.783391695848,1.1081621032636031e+39
5570.285142571285,1.1105084785185756e+39
5573.786893446723,1.1130714931535737e+39
5577.288644322161,1.1158566475989581e+39
5580.790395197599,1.1188692535584621e+39
5584.292146073036,1.1221142611294071e+39
5587.793896948474,1.1255960919435713e+39
5591.295647823912,1.1293184806617196e+39
5594.797398699349,1.1332843269511742e+39
5598.299149574787,1.1374955598433686e+39
5601.8009004502255,1.1419530161127524e+39
5605.302651325663,1.1466563340456802e+39
5608.8044022011,1.1516038636837286e+39
5612.306153076538,1.1567925943364332e+39
5615.807903951976,1.1622180998691856e+39
5619.309654827413,1.1678745019884345e+39
5622.8114057028515,1.1737544514733398e+39
5626.31315657829,1.1798491270449831e+39
5629.814907453727,1.1861482513250624e+39
5633.316658329164,1.1926401231188056e+39
5636.818409204602,1.1993116650641187e+39
5640.32016008004,1.2061484855227225e+39
5643.8219109554775,1.2131349534502403e+39
5647.323661830915,1.2202542848714875e+39
5650.825412706353,1.2274886395044674e+39
5654.327163581791,1.2348192260212715e+39
5657.828914457228,1.2422264144049343e+39
5661.330665332666,1.2496898538569005e+39
5664.832416208104,1.2571885947281643e+39
5668.334167083542,1.2647012129862933e+39
5671.835917958979,1.2722059357879058e+39
5675.337668834417,1.2796807667994327e+39
5678.839419709855,1.2871036099955572e+39
5682.341170585292,1.2944523907620634e+39
5685.84292146073,1.3017051732354154e+39
5689.3446723361685,1.308840272922936e+39
5692.846423211606,1.3158363637627706e+39
5696.348174087043,1.322672578899694e+39
5699.849924962481,1.3293286045695625e+39
5703.351675837919,1.3357847666001511e+39
5706.853426713356,1.3420221091477725e+39
5710.355177588794,1.3480224653962764e+39
5713.856928464233,1.3537685200468372e+39
5717.35867933967,1.3592438635224483e+39
5720.860430215107,1.3644330378999028e+39
5724.362181090545,1.3693215746633672e+39
5727.863931965983,1.373896024447839e+39
5731.3656828414205,1.3781439790070572e+39
5734.867433716858,1.3820540856992038e+39
5738.369184592296,1.3856160548349303e+39
5741.870935467734,1.388820660276044e+39
5745.372686343171,1.3916597337099155e+39
5748.874437218609,1.3941261530544065e+39
5752.376188094047,1.39621382547151e+39
5755.877938969485,1.3979176654849378e+39
5759.379689844922,1.399233568708233e+39
5762.88144072036,1.4001583816958426e+39
5766.383191595798,1.4006898684304133e+39
5769.884942471235,1.400826673955715e+39
5773.386693346673,1.400568285656452e+39
5776.8884442221115,1.399914992674148e+39
5780.390195097549,1.398867843932673e+39
5783.891945972986,1.397428605228169e+39
5787.393696848424,1.3955997158164522e+39
5790.895447723862,1.393384244906827e+39
5794.397198599299,1.390785848444942e+39
5797.898949474737,1.3878087265391625e+39
5801.400700350176,1.3844575818553408e+39
5804.902451225613,1.3807375792740575e+39
5808.40420210105,1.3766543070727262e+39
5811.905952976488,1.3722137398628092e+39
5815.407703851926,1.367422203479877e+39
5818.9094547273635,1.362286341991871e+39
5822.411205602801,1.356813086958765e+39
5825.912956478239,1.3510096290453543e+39
5829.414707353677,1.3448833920581344e+39
5832.916458229114,1.3384420094475711e+39
5836.418209104552,1.3316933032887046e+39
5839.91995997999,1.3246452657260787e+39
5843.421710855428,1.3173060428436495e+39
5846.923461730865,1.3096839208968524e+39
5850.425212606303,1.3017873148223619e+39
5853.926963481741,1.2936247589214855e+39
5857.428714357178,1.285204899595569e+39
5860.930465232616,1.2765364899964794e+39
5864.4322161080545,1.267628386441977e+39
5867.933966983492,1.2584895464347676e+39
5871.435717858929,1.249129028115157e+39
5874.937468734367,1.2395559909705338e+39
5878.439219609805,1.229779697620197e+39
5881.940970485242,1.2198095164913956e+39
5885.44272136068,1.2096549252017194e+39
5888.944472236118,1.1993255144640368e+39
5892.446223111556,1.1888309923329014e+39
5895.947973986993,1.1781811886156978e+39
5899.449724862431,1.1673860592775312e+39
5902.951475737869,1.156455690675994e+39
5906.4532266133065,1.145400303470032e+39
5909.954977488744,1.1342302560564674e+39
5913.456728364182,1.1229560473977997e+39
5916.95847923962,1.1115883191157205e+39
5920.460230115057,1.1001378567361732e+39
5923.961980990495,1.0886155899836964e+39
5927.463731865933,1.0770325920349939e+39
5930.965482741371,1.0654000776539964e+39
5934.467233616808,1.053729400143254e+39
5937.968984492246,1.0420320470589639e+39
5941.470735367684,1.0303196346492635e+39
5944.972486243121,1.0186039009876084e+39
5948.474237118558,1.0068966977849528e+39
5951.9759879939975,9.952099808759746e+38
5955.477738869435,9.835557993857255e+38
5958.979489744872,9.719462835936498e+38
5962.48124062031,9.603936315222393e+38
5965.982991495748,9.489100942870122e+38
5969.484742371185,9.375079602535893e+38
5972.986493246623,9.261995380560487e+38
5976.488244122061,9.14997138538529e+38
5979.989994997499,9.039130556891857e+38
5983.491745872936,8.929595466420876e+38
5986.993496748374,8.821488108285573e+38
5990.495247623812,8.714929683646626e+38
5993.9969984992495,8.610040377660835e+38
5997.498749374687,8.506939130855818e+38
6001.000500250125,8.405743405716258e+38
6004.502251125563,8.306568949493655e+38
6008.004002001,8.209529554272966e+38
6011.505752876438,8.114736815344666e+38
6015.007503751876,8.022299888940452e+38
6018.509254627314,7.932325250394059e+38
6022.011005502751,7.844916453787958e+38
6025.512756378189,7.760173894139822e+38
6029.014507253627,7.678194573171043e+38
6032.516258129064,7.599071869682873e+38
6036.018009004501,7.522895315545265e+38
6039.5197598799405,7.449750378277629e+38
6043.021510755378,7.379718251171248e+38
6046.523261630815,7.312875651868752e+38
6050.025012506253,7.249294630279745e+38
6053.526763381691,7.189042386669383e+38
6057.028514257128,7.132181100712708e+38
6060.530265132566,7.078767772260052e+38
6064.032016008004,7.028854074508069e+38
6067.533766883442,6.982486220217834e+38
6071.035517758879,6.939704841565778e+38
6074.537268634317,6.900544884155459e+38
6078.039019509755,6.865035515658682e+38
6081.540770385192,6.833200049492717e+38
6085.04252126063,6.8050558838779654e+38
6088.544272136068,6.780614456556664e+38
6092.046023011506,6.759881215388301e+38
6095.547773886943,6.742855604972476e+38
6099.049524762381,6.729531069384531e+38
6102.551275637819,6.71989507104383e+38
6106.053026513257,6.713929125669542e+38
6109.554777388694,6.711608853214405e+38
6113.056528264132,6.712904044603406e+38
6116.55827913957,6.717778744041952e+38
6120.060030015007,6.726191346597159e+38
6123.561780890444,6.738094710696856e+38
6127.063531765883,6.753436285133518e+38
6130.565282641321,6.772158250105443e+38
6134.067033516758,6.794197671775062e+38
6137.568784392196,6.819486669774244e+38
6141.070535267634,6.847952597039676e+38
6144.572286143071,6.879518231317523e+38
6148.0740370185085,6.91410197763604e+38
6151.575787893947,6.951618081007551e+38
6155.077538769385,6.991976848587802e+38
6158.579289644822,7.035084880490791e+38
6162.08104052026,7.080845308431178e+38
6165.582791395698,7.129158041343956e+38
6169.084542271135,7.179920017113366e+38
6172.586293146573,7.233025459528392e+38
6176.088044022011,7.288366139572045e+38
6179.589794897449,7.345831640145707e+38
6183.091545772886,7.405309623327333e+38
6186.593296648324,7.466686099264327e+38
6190.095047523762,7.529845695807238e+38
6193.5967983991995,7.594671928000242e+38
6197.098549274637,7.661047466557325e+38
6200.600300150075,7.728854404469844e+38
6204.102051025513,7.797974520911271e+38
6207.60380190095,7.868289541628769e+38
6211.105552776387,7.939681395037432e+38
6214.6073036518255,8.012032463262719e+38
6218.109054527264,8.085225827409018e+38
6221.610805402701,8.159145506367187e+38
6225.112556278139,8.233676688510904e+38
6228.614307153577,8.308705955670863e+38
6232.116058029014,8.38412149881752e+38
6235.6178089044515,8.459813324925375e+38
6239.11955977989,8.535673454536021e+38
6242.621310655328,8.611596109582789e+38
6246.123061530765,8.687477891085959e+38
6249.624812406203,8.76321794637432e+38
6253.126563281641,8.838718125535982e+38
6256.628314157078,8.913883126849599e+38
6260.130065032516,8.988620630993706e+38
6263.631815907954,9.062841423879615e+38
6267.133566783392,9.136459507999763e+38
6270.635317658829,9.209392202229477e+38
6274.137068534266,9.281560230065147e+38
6277.638819409705,9.352887796325442e+38
6281.1405702851425,9.423302652385079e+38
6284.64232116058,9.4927361500522e+38
6288.144072036018,9.56112328423882e+38
6291.645822911456,9.62840272461268e+38
6295.147573786893,9.694516836454262e+38
6298.64932466233,9.759411690976476e+38
6302.1510755377685,9.823037065396242e+38
6305.652826413207,9.885346433076959e+38
6309.154577288644,9.946296944087817e+38
6312.656328164082,1.0005849396550967e+39
6316.15807903952,1.0063968199169654e+39
6319.659829914957,1.0120621325351192e+39
6323.1615807903945,1.0175780259355593e+39
6326.663331665833,1.0229419934916202e+39
6330.165082541271,1.0281518666791377e+39
6333.666833416708,1.033205807571672e+39
6337.168584292146,1.0381023007235082e+39
6340.670335167584,1.0428401444887413e+39
6344.172086043021,1.0474184418250912e+39
6347.673836918459,1.0518365906312065e+39
6351.175587793897,1.056094273666114e+39
6354.677338669335,1.060191448099179e+39
6358.179089544772,1.0641283347384614e+39
6361.680840420209,1.0679054069846425e+39
6365.182591295648,1.0715233795568673e+39
6368.6843421710855,1.074983197035822e+39
6372.186093046523,1.0782860222682116e+39
6375.687843921961,1.0814332246754568e+39
6379.189594797399,1.084426368508034e+39
6382.691345672836,1.0872672010853065e+39
6386.193096548273,1.0899576410590442e+39
6389.6948474237115,1.092499766737076e+39
6393.19659829915,1.0948958045016929e+39
6396.698349174587,1.0971481173555481e+39
6400.200100050025,1.0992591936258106e+39
6403.701850925463,1.1012316358553783e+39
6407.2036018009,1.1030681499079196e+39
6410.7053526763375,1.1047715343114549e+39
6414.207103551776,1.1063446698631733e+39
6417.708854427214,1.1077905095160905e+39
6421.210605302651,1.1091120685661413e+39
6424.712356178089,1.1103124151562741e+39
6428.214107053527,1.1113946611121046e+39
6431.715857928964,1.1123619531217616e+39
6435.217608804402,1.1132174642706145e+39
6438.71935967984,1.113964385939745e+39
6442.221110555278,1.1146059200751794e+39
6445.722861430715,1.1151452718332166e+39
6449.224612306152,1.1155856426054447e+39
6452.726363181591,1.11593022342551e+39
6456.2281140570285,1.1161821887581217e+39
6459.729864932466,1.1163446906693653e+39
6463.231615807904,1.1164208533760253e+39
6466.733366683342,1.116413768170337e+39
6470.235117558779,1.1163264887154032e+39
6473.736868434216,1.1161620267053938e+39
6477.2386193096545,1.1159233478836452e+39
6480.740370185093,1.115613368410818e+39
6484.24212106053,1.1152349515744599e+39
6487.743871935968,1.114790904830525e+39
6491.245622811406,1.1142839771667531e+39
6494.747373686843,1.113716856777203e+39
6498.2491245622805,1.1130921690367195e+39
6501.750875437719,1.1124124747636933e+39
6505.252626313157,1.1116802687590971e+39
6508.754377188594,1.1108979786094957e+39
6512.256128064032,1.110067963741522e+39
6515.75787893947,1.1091925147151484e+39
6519.259629814907,1.1082738527429861e+39
6522.761380690345,1.1073141294228444e+39
6526.263131565783,1.106315426670775e+39
6529.764882441221,1.105279756841924e+39
6533.266633316658,1.1042090630266336e+39
6536.768384192095,1.1031052195094169e+39
6540.270135067533,1.1019700323786244e+39
6543.7718859429715,1.1008052402748854e+39
6547.273636818409,1.099612515266686e+39
6550.775387693847,1.0983934638417524e+39
6554.277138569285,1.0971496280032577e+39
6557.778889444722,1.095882486460229e+39
6561.280640320159,1.094593455901908e+39
6564.7823911955975,1.0932838923462374e+39
6568.284142071036,1.0919550925530212e+39
6571.785892946473,1.0906082954927831e+39
6575.287643821911,1.0892446838627208e+39
6578.789394697349,1.0878653856416482e+39
6582.291145572786,1.0864714756762056e+39
6585.7928964482235,1.0850639772910934e+39
6589.294647323662,1.0836438639165168e+39
6592.7963981991,1.0822120607264525e+39
6596.298149074537,1.0807694462817913e+39
6599.799899949974,1.0793168541728305e+39
6603.301650825413,1.0778550746559985e+39
6606.80340170085,1.0763848562801258e+39
6610.305152576288,1.0749069074979123e+39
6613.806903451726,1.0734218982587079e+39
6617.308654327164,1.0719304615790161e+39
6620.810405202601,1.0704331950875271e+39
6624.312156078038,1.0689306625418217e+39
6627.813906953476,1.0674233953142113e+39
6631.3156578289145,1.0659118938444998e+39
6634.817408704352,1.0643966290577258e+39
6638.31915957979,1.0628780437452603e+39
6641.820910455228,1.0613565539078816e+39
6645.322661330665,1.0598325500596834e+39
6648.824412206102,1.0583063984919486e+39
6652.3261630815405,1.0567784424962952e+39
6655.827913956979,1.0552490035466367e+39
6659.329664832416,1.053718382439674e+39
6662.831415707854,1.0521868603938073e+39
6666.333166583292,1.050654700106539e+39
6669.834917458729,1.0491221467705514e+39
6673.3366683341665,1.0475894290488022e+39
6676.838419209605,1.046056760009098e+39
6680.340170085043,1.044524338018711e+39
6683.84192096048,1.042992347599682e+39
6687.343671835917,1.0414609602455883e+39
6690.845422711356,1.0399303352005674e+39
6694.347173586793,1.0384006202015175e+39
6697.848924462231,1.036871952184377e+39
6701.350675337669,1.0353444579555151e+39
6704.852426213107,1.0338182548292383e+39
6708.354177088544,1.0322934512324766e+39
6711.855927963981,1.0307701472777354e+39
6715.357678839419,1.0292484353054163e+39
6718.8594297148575,1.027728400396614e+39
6722.361180590295,1.0262101208575069e+39
6725.862931465733,1.0246936686764632e+39
6729.364682341171,1.023179109954967e+39
6732.866433216608,1.0216665053134797e+39
6736.368184092045,1.0201559102733141e+39
6739.8699349674835,1.0186473756156143e+39
6743.371685842922,1.0171409477184804e+39
6746.873436718359,1.0156366688732936e+39
6750.375187593797,1.0141345775812278e+39
6753.876938469235,1.012634708830966e+39
6757.378689344672,1.0111370943585545e+39
6760.880440220109,1.0096417628903392e+39
6764.382191095548,1.0081487403698806e+39
6767.883941970986,1.0066580501697247e+39
6771.385692846423,1.0051697132888603e+39
6774.88744372186,1.003683748536677e+39
6778.389194597298,1.0022001727042036e+39
6781.890945472736,1.0007190007233637e+39
6785.392696348174,9.992402458149722e+38
6788.894447223612,9.977639196261426e+38
6792.39619809905,9.962900323577684e+38
6795.897948974487,9.94818592882695e+38
6799.399699849924,9.933496088551666e+38
6802.901450725362,9.91883086812117e+38
6806.4032016008005,9.904190322668394e+38
6809.904952476238,9.889574497955246e+38
6813.406703351676,9.87498343117168e+38
6816.908454227114,9.860417151672755e+38
6820.410205102551,9.845875681658106e+38
6823.911955977988,9.831359036797742e+38
6827.413706853426,9.816867226808012e+38
6830.915457728865,9.802400255981295e+38
6834.417208604302,9.787958123672735e+38
6837.91895947974,9.773540824747169e+38
6841.420710355178,9.759148349989222e+38
6844.922461230615,9.744780686479258e+38
6848.424212106052,9.730437817937806e+38
6851.925962981491,9.71611972504092e+38
6855.427713856929,9.701826385708577e+38
6858.929464732366,9.687557775368368e+38
6862.431215607803,9.673313867196285e+38
6865.932966483241,9.659094632336547e+38
6869.434717358679,9.644900040102086e+38
6872.936468234117,9.630730058157237e+38
6876.438219109555,9.616584652684114e+38
6879.939969984993,9.602463788534068e+38
6883.44172086043,9.588367429365391e+38
6886.943471735867,9.574295537768396e+38
6890.445222611305,9.560248075379101e+38
6893.946973486743,9.546225002982302e+38
6897.448724362181,9.532226280605063e+38
6900.950475237619,9.518251867601435e+38
6904.452226113057,9.504301722729136e+38
6907.953976988494,9.490375804218955e+38
6911.455727863931,9.476474069837486e+38
6914.957478739369,9.462596476943783e+38
6918.459229614808,9.448742982540583e+38
6921.960980490245,9.434913543320428e+38
6925.462731365682,9.42110811570729e+38
6928.964482241121,9.407326655894048e+38
6932.466233116558,9.39356911987628e+38
6935.967983991995,9.37983546348255e+38
6939.4697348674335,9.366125642401733e+38
6942.971485742872,9.352439612207522e+38
6946.473236618309,9.338777328380394e+38
6949.974987493746,9.325138746327332e+38
6953.476738369184,9.311523821399527e+38
6956.978489244622,9.297932508908175e+38
6960.4802401200595,9.284364764138652e+38
6963.981990995498,9.270820542363139e+38
6967.483741870936,9.257299798851961e+38
6970.985492746373,9.243802488883667e+38
6974.48724362181,9.23032856775399e+38
6977.988994497248,9.216877990783909e+38
6981.490745372686,9.203450713326764e+38
6984.992496248124,9.19004669077459e+38
6988.494247123562,9.176665878563737e+38
6991.995997999,9.163308232179919e+38
6995.497748874437,9.149973707162593e+38
6998.999499749874,9.136662259108904e+38
7002.501250625312,9.123373843677152e+38
7006.0030015007505,9.110108416589856e+38
7009.504752376188,9.096865933636459e+38
7013.006503251625,9.0836463506757e+38
7016.508254127064,9.070449623637693e+38
7020.010005002501,9.057275708525798e+38
7023.511755877938,9.044124561418193e+38
7027.0135067533765,9.030996138469274e+38
7030.515257628815,9.01789039591091e+38
7034.017008504252,9.00480729005349e+38
7037.518759379689,8.991746777286818e+38
7041.020510255127,8.978708814080948e+38
7044.522261130565,8.965693356986837e+38
7048.0240120060025,8.952700362636956e+38
7051.525762881441,8.939729787745753e+38
7055.027513756879,8.926781589110075e+38
7058.529264632316,8.913855723609558e+38
7062.031015507753,8.900952148206871e+38
7065.532766383191,8.888070819947958e+38
7069.034517258629,8.875211695962249e+38
7072.536268134067,8.862374733462787e+38
7076.038019009505,8.849559889746337e+38
7079.539769884943,8.836767122193485e+38
7083.04152076038,8.823996388268658e+38
7086.543271635817,8.811247645520167e+38
7090.045022511255,8.798520851580203e+38
7093.5467733866935,8.78581596416483e+38
7097.048524262131,8.773132941073932e+38
7100.550275137569,8.760471740191182e+38
7104.052026013006,8.747832319483975e+38
7107.553776888444,8.735214637003354e+38
7111.055527763881,8.722618650883938e+38
7114.5572786393195,8.710044319343797e+38
7118.059029514757,8.697491600684401e+38
7121.560780390195,8.684960453290472e+38
7125.062531265633,8.672450835629917e+38
7128.56428214107,8.659962706253666e+38
7132.066033016508,8.647496023795568e+38
7135.5677838919455,8.635050746972297e+38
7139.069534767384,8.622626834583172e+38
7142.571285642821,8.610224245510065e+38
7146.073036518259,8.597842938717261e+38
7149.574787393697,8.585482873251302e+38
7153.076538269134,8.573144008240892e+38
7156.578289144572,8.560826302896714e+38
7160.08004002001,8.54852971651131e+38
7163.581790895448,8.536254208458949e+38
7167.083541770885,8.523999738195477e+38
7170.585292646323,8.511766265258169e+38
7174.08704352176,8.499553749265587e+38
7177.588794397198,8.487362149917446e+38
7181.0905452726365,8.475191426994463e+38
7184.592296148074,8.463041540358215e+38
7188.094047023512,8.450912449950984e+38
7191.595797898949,8.438804115795625e+38
7195.097548774387,8.426716497995404e+38
7198.599299649824,8.414649556733882e+38
7202.1010505252625,8.402603252274726e+38
7205.6028014007,8.390577544961607e+38
7209.104552276138,8.378572395218023e+38
7212.606303151576,8.36658776354716e+38
7216.108054027013,8.354623610531764e+38
7219.609804902451,8.342679896833963e+38
7223.1115557778885,8.330756583195146e+38
7226.613306653327,8.318853630435808e+38
7230.115057528764,8.306970999455404e+38
7233.616808404202,8.295108651232209e+38
7237.118559279639,8.283266546823146e+38
7240.620310155077,8.271444647363691e+38
7244.122061030515,8.259642914067669e+38
7247.623811905953,8.247861308227165e+38
7251.125562781391,8.236099791212332e+38
7254.627313656828,8.22435832447125e+38
7258.129064532266,8.212636869529834e+38
7261.630815407703,8.200935387991613e+38
7265.132566283141,8.189253841537632e+38
7268.6343171585795,8.177592191926301e+38
7272.136068034017,8.165950400993247e+38
7275.637818909455,8.154328430651155e+38
7279.139569784892,8.142726242889646e+38
7282.64132066033,8.131143799775121e+38
7286.143071535767,8.119581063450618e+38
7289.6448224112055,8.108037996135671e+38
7293.146573286643,8.096514560126153e+38
7296.648324162081,8.08501071779415e+38
7300.150075037519,8.07352643158781e+38
7303.651825912956,8.0620616640312e+38
7307.153576788394,8.050616377724155e+38
7310.6553276638315,8.039190535342155e+38
7314.15707853927,8.027784099636148e+38
7317.658829414707,8.016397033432447e+38
7321.160580290145,8.005029299632546e+38
7324.662331165582,7.993680861213026e+38
7328.16408204102,7.982351681225357e+38
7331.665832916458,7.971041722795803e+38
7335.167583791896,7.959750949125256e+38
7338.669334667334,7.948479323489094e+38
7342.171085542771,7.93722680923705e+38
7345.672836418209,7.925993369793053e+38
7349.174587293646,7.914778968655118e+38
7352.676338169084,7.903583569395154e+38
7356.178089044522,7.892407135658881e+38
7359.67983991996,7.881249631165645e+38
7363.181590795398,7.870111019708291e+38
7366.683341670835,7.85899126515304e+38
7370.185092546273,7.847890331439306e+38
7373.68684342171,7.836808182579608e+38
7377.1885942971485,7.825744782659383e+38
7380.690345172586,7.81470009583688e+38
7384.192096048024,7.803674086342998e+38
7387.693846923462,7.792666718481153e+38
7391.195597798899,7.781677956627152e+38
7394.697348674337,7.770707765229022e+38
7398.1990995497745,7.759756108806909e+38
7401.700850425213,7.748822951952909e+38
7405.20260130065,7.737908259330937e+38
7408.704352176088,7.7270119956766e+38
7412.206103051525,7.716134125797046e+38
7415.707853926963,7.705274614570823e+38
7419.209604802401,7.694433426947755e+38
7422.711355677839,7.683610527948792e+38
7426.213106553277,7.672805882665873e+38
7429.714857428714,7.662019456261792e+38
7433.216608304152,7.65125121397006e+38
7436.718359179589,7.640501121094768e+38
7440.220110055027,7.629769143010448e+38
7443.721860930465,7.619055245161933e+38
7447.223611805903,7.608359393064223e+38
7450.725362681341,7.59768155230235e+38
7454.227113556778,7.587021688531248e+38
7457.728864432216,7.576379767475597e+38
7461.230615307653,7.565755754929703e+38
7464.7323661830915,7.555149616757358e+38
7468.234117058529,7.544561318891708e+38
7471.735867933967,7.5339908273351e+38
7475.237618809405,7.523438108158972e+38
7478.739369684842,7.512903127503706e+38
7482.24112056028,7.502385851578472e+38
7485.7428714357175,7.491886246661144e+38
7489.244622311156,7.48140427909811e+38
7492.746373186593,7.470939915304177e+38
7496.248124062031,7.460493121762404e+38
7499.749874937468,7.450063865024004e+38
7503.251625812906,7.439652111708179e+38
7506.753376688344,7.429257828502002e+38
7510.255127563782,7.418880982160282e+38
7513.75687843922,7.408521539505424e+38
7517.258629314657,7.398179467427305e+38
7520.760380190095,7.387854732883121e+38
7524.262131065532,7.377547302897294e+38
7527.76388194097,7.367257144561298e+38
7531.265632816408,7.356984225033535e+38
7534.767383691846,7.346728511539226e+38
7538.269134567284,7.336489971370254e+38
7541.770885442721,7.326268571885049e+38
7545.272636318159,7.316064280508436e+38
7548.774387193596,7.30587706473153e+38
7552.2761380690345,7.295706892111575e+38
7555.777888944472,7.28555373027184e+38
7559.27963981991,7.275417546901464e+38
7562.781390695347,7.265298309755354e+38
7566.283141570785,7.255195986654017e+38
7569.784892446223,7.245110545483464e+38
7573.28664332166,7.235041954195066e+38
7576.788394197099,7.224990180805414e+38
7580.290145072536,7.214955193396207e+38
7583.791895947974,7.2049369601141e+38
7587.293646823411,7.19493544917061e+38
7590.795397698849,7.184950628841943e+38
7594.297148574287,7.174982467468906e+38
7597.798899449725,7.165030933456747e+38
7601.300650325163,7.155095995275038e+38
7604.8024012006,7.145177621457554e+38
7608.304152076038,7.135275780602121e+38
7611.805902951475,7.125390441370529e+38
7615.307653826913,7.115521572488352e+38
7618.809404702351,7.105669142744872e+38
7622.311155577789,7.095833120992904e+38
7625.812906453227,7.086013476148708e+38
7629.314657328664,7.076210177191843e+38
7632.816408204102,7.066423193165025e+38
7636.318159079539,7.05665249317404e+38
7639.819909954977,7.046898046387577e+38
7643.321660830415,7.03715982203713e+38
7646.823411705853,7.027437789416853e+38
7650.32516258129,7.017731917883447e+38
7653.826913456728,7.008042176856029e+38
7657.328664332166,6.998368535816002e+38
7660.830415207603,6.988710964306937e+38
7664.332166083042,6.979069431934439e+38
7667.833916958479,6.969443908366038e+38
7671.335667833917,6.959834363331042e+38
7674.837418709354,6.950240766620435e+38
7678.339169584792,6.940663088086732e+38
7681.840920460229,6.93110129764387e+38
7685.342671335668,6.921555365267068e+38
7688.844422211106,6.91202526099273e+38
7692.346173086543,6.902510954918296e+38
7695.847923961981,6.893012417202116e+38
7699.349674837418,6.883529618063355e+38
7702.851425712856,6.874062527781845e+38
7706.3531765882935,6.864611116697968e+38
7709.854927463732,6.855175355212541e+38
7713.35667833917,6.845755213786677e+38
7716.858429214607,6.836350662941693e+38
7720.360180090045,6.826961673258935e+38
7723.861930965482,6.81758821537973e+38
7727.36368184092,6.808230260005185e+38
7730.865432716358,6.798887777896134e+38
7734.367183591796,6.789560739872965e+38
7737.868934467233,6.780249116815536e+38
7741.370685342671,6.7709528796630316e+38
7744.872436218109,6.761671999413845e+38
7748.374187093546,6.752406447125475e+38
7751.8759379689845,6.743156193914375e+38
7755.377688844422,6.7339212109558686e+38
7758.87943971986,6.724701469483997e+38
7762.381190595297,6.715496940791421e+38
7765.882941470735,6.706307596229293e+38
7769.384692346172,6.6971334072071386e+38
7772.8864432216105,6.687974345192735e+38
7776.388194097049,6.6788303817119954e+38
7779.889944972486,6.669701488348862e+38
7783.391695847924,6.660587636745152e+38
7786.893446723361,6.651488798600484e+38
7790.395197598799,6.642404945672127e+38
7793.8969484742365,6.633336049774898e+38
7797.398699349675,6.624282082781038e+38
7800.900450225113,6.615243016620094e+38
7804.40220110055,6.606218823278816e+38
7807.903951975988,6.59720947480101e+38
7811.405702851425,6.588214943287458e+38
7814.907453726863,6.579235200895766e+38
7818.409204602301,6.570270219840277e+38
7821.910955477739,6.56131997239193e+38
7825.412706353176,6.5523844308781684e+38
7828.914457228614,6.543463567682798e+38
7832.416208104052,6.534557355245896e+38
7835.917958979489,6.525665766063676e+38
7839.4197098549275,6.516788772688386e+38
7842.921460730365,6.507926347728182e+38
7846.423211605803,6.499078463847024e+38
7849.92496248124,6.490245093764556e+38
7853.426713356678,6.481426210255986e+38
7856.928464232115,6.472621786151984e+38
7860.4302151075535,6.463831794338559e+38
7863.931965982992,6.4550562077569444e+38
7867.433716858429,6.446294999403497e+38
7870.935467733867,6.437548142329552e+38
7874.437218609304,6.428815609641365e+38
7877.938969484742,6.420097374499926e+38
7881.4407203601795,6.411393410120922e+38
7884.942471235618,6.402703689774561e+38
7888.444222111055,6.3940281867855026e+38
7891.945972986493,6.3853668745327144e+38
7895.447723861931,6.376719726449393e+38
7898.949474737368,6.368086716022823e+38
7902.451225612806,6.3594678167942755e+38
7905.952976488244,6.350863002358904e+38
7909.454727363682,6.342272246365616e+38
7912.956478239119,6.333695522516983e+38
7916.458229114557,6.325132804569111e+38
7919.959979989995,6.31658406633154e+38
7923.461730865432,6.308049281667138e+38
7926.9634817408705,6.29952842449197e+38
7930.465232616308,6.29102146877521e+38
7933.966983491746,6.282528388539019e+38
7937.468734367183,6.274049157858446e+38
7940.970485242621,6.265583750861302e+38
7944.472236118058,6.2571321417280604e+38
7947.9739869934965,6.248694304691753e+38
7951.475737868935,6.24027021403785e+38
7954.977488744372,6.231859844104163e+38
7958.47923961981,6.223463169280724e+38
7961.980990495247,6.215080164009683e+38
7965.482741370685,6.206710802785198e+38
7968.9844922461225,6.198355060153345e+38
7972.486243121561,6.190012910711964e+38
7975.987993996998,6.181684329110612e+38
7979.489744872436,6.1733692900504044e+38
7982.991495747874,6.165067768283938e+38
7986.493246623311,6.156779738615174e+38
7989.994997498749,6.148505175899324e+38
7993.496748374187,6.140244055042761e+38
7996.998499249625,6.131996351002897e+38
8000.500250125062,6.123762038788087e+38
8004.0020010005,6.115541093457511e+38
8007.503751875937,6.107333490121088e+38
8011.005502751375,6.099139203939347e+38
8014.5072536268135,6.0909582101233386e+38
8018.009004502251,6.082790483934524e+38
8021.510755377689,6.074636000684667e+38
8025.012506253126,6.066494735735738e+38
8028.514257128564,6.058366664499796e+38
8032.016008004001,6.0502517624388945e+38
8035.5177588794395,6.0421500050649875e+38
8039.019509754878,6.034061367939784e+38
8042.521260630315,6.025985826674699e+38
8046.023011505753,6.017923356930711e+38
8049.52476238119,6.009873934418276e+38
8053.026513256628,6.001837534897209e+38
8056.5282641320655,5.9938141341766096e+38
8060.030015007504,5.985803708114721e+38
8063.531765882941,5.9778062326188604e+38
8067.033516758379,5.96982168364529e+38
8070.535267633817,5.961850037199147e+38
8074.037018509254,5.953891269334304e+38
8077.538769384692,5.94594535615329e+38
8081.04052026013,5.938012273807192e+38
8084.542271135568,5.930091998495529e+38
8088.044022011005,5.9221845064661895e+38
8091.545772886443,5.9142897740152814e+38
8095.04752376188,5.906407777487081e+38
8098.549274637318,5.898538493273895e+38
8102.0510255127565,5.890681897815975e+38
8105.552776388194,5.882837967601424e+38
8109.054527263632,5.875006679166075e+38
8112.556278139069,5.867188009093417e+38
8116.058029014507,5.859381934014468e+38
8119.559779889944,5.851588430607703e+38
8123.0615307653825,5.8438074755989305e+38
8126.56328164082,5.836039045761212e+38
8130.065032516258,5.8282831179147495e+38
8133.566783391696,5.820539668926789e+38
8137.068534267133,5.812808675711534e+38
8140.570285142571,5.8050901152300266e+38
8144.0720360180085,5.797383964490073e+38
8147.573786893447,5.789690200546121e+38
8151.075537768884,5.782008800499178e+38
8154.577288644322,5.7743397414967084e+38
8158.07903951976,5.766683000732537e+38
8161.580790395197,5.759038555446761e+38
8165.082541270635,5.7514063829256176e+38
8168.584292146073,5.743786460501443e+38
8172.086043021511,5.736178765552522e+38
8175.587793896948,5.728583275503025e+38
8179.089544772386,5.7209999678229e+38
8182.591295647823,5.7134288200277786e+38
8186.093046523261,5.7058698096788774e+38
8189.5947973986995,5.698322914382897e+38
8193.096548274138,5.69078811179195e+38
8196.598299149575,5.683265379603432e+38
8200.100050025012,5.67575469555995e+38
8203.601800900451,5.6682560374492154e+38
8207.103551775886,5.660769383103966e+38
8210.605302651325,5.6532947104018375e+38
8214.107053526763,5.645831997265311e+38
8217.6088044022,5.6383812216615915e+38
8221.110555277639,5.630942361602513e+38
8224.612306153076,5.623515395144466e+38
8228.114057028513,5.616100300388273e+38
8231.615807903952,5.6086970554791254e+38
8235.11755877939,5.601305638606475e+38
8238.619309654827,5.593926028003929e+38
8242.121060530266,5.586558201949178e+38
8245.622811405703,5.579202138763903e+38
8249.12456228114,5.571857816813664e+38
8252.62631315658,5.5645252145078154e+38
8256.128064032015,5.557204310299433e+38
8259.629814907454,5.549895082685179e+38
8263.13156578289,5.542597510205264e+38
8266.633316658328,5.53531157144331e+38
8270.135067533767,5.528037245026272e+38
8273.636818409204,5.520774509624377e+38
8277.138569284642,5.513523343950977e+38
8280.64032016008,5.506283726762501e+38
8284.142071035518,5.4990556368583534e+38
8287.643821910955,5.491839053080812e+38
8291.145572786394,5.484633954314949e+38
8294.64732366183,5.4774403194885465e+38
8298.149074537268,5.470258127571979e+38
8301.650825412706,5.4630873575781585e+38
8305.152576288143,5.455927988562423e+38
8308.654327163582,5.448779999622447e+38
8312.15607803902,5.441643369898164e+38
8315.657828914456,5.4345180785716676e+38
8319.159579789895,5.427404104867121e+38
8322.661330665333,5.420301428050681e+38
8326.16308154077,5.413210027430395e+38
8329.664832416209,5.4061298823561106e+38
8333.166583291644,5.399060972219416e+38
8336.668334167083,5.3920032764535e+38
8340.170085042522,5.384956774533121e+38
8343.671835917958,5.377921445974489e+38
8347.173586793397,5.370897270335155e+38
8350.675337668834,5.3638842272139864e+38
8354.177088544271,5.356882296251021e+38
8357.67883941971,5.349891457127401e+38
8361.180590295147,5.342911689565306e+38
8364.682341170585,5.335942973327825e+38
8368.184092046024,5.328985288218901e+38
8371.68584292146,5.3220386140832495e+38
8375.187593796898,5.315102930806232e+38
8378.689344672337,5.308178218313816e+38
8382.191095547772,5.301264456572468e+38
8385.692846423211,5.294361625589051e+38
8389.194597298649,5.287469705410781e+38
8392.696348174086,5.280588676125108e+38
8396.198099049525,5.273718517859634e+38
8399.699849924962,5.266859210782045e+38
8403.2016008004,5.260010735100013e+38
8406.703351675838,5.2531730710611065e+38
8410.205102551276,5.246346198952723e+38
8413.706853426713,5.239530099101993e+38
8417.208604302152,5.232724751875688e+38
8420.710355177587,5.22593013768017e+38
8424.212106053026,5.219146236961247e+38
8427.713856928465,5.212373030204164e+38
8431.2156078039,5.20561049793347e+38
8434.71735867934,5.1988586207129255e+38
8438.219109554777,5.192117379145472e+38
8441.720860430214,5.185386753873094e+38
8445.222611305653,5.17866672557677e+38
8448.72436218109,5.1719572749763855e+38
8452.226113056528,5.165258382830632e+38
8455.727863931967,5.158570029936939e+38
8459.229614807404,5.1518921971314014e+38
8462.731365682841,5.145224865288671e+38
8466.23311655828,5.1385680153219e+38
8469.734867433715,5.1319216281826546e+38
8473.236618309154,5.1252856848608024e+38
8476.738369184592,5.1186601663844855e+38
8480.240120060029,5.1120450538200055e+38
8483.741870935468,5.105440328271735e+38
8487.243621810905,5.098845970882059e+38
8490.745372686342,5.092261962831287e+38
8494.247123561781,5.0856882853375556e+38
8497.748874437219,5.0791249196567865e+38
8501.250625312656,5.072571847082568e+38
8504.752376188095,5.066029048946084e+38
8508.25412706353,5.059496506616065e+38
8511.75587793897,5.0529742014986495e+38
8515.257628814408,5.046462115037367e+38
8518.759379689844,5.039960228713025e+38
8522.261130565283,5.03346852404362e+38
8525.76288144072,5.026986982584289e+38
8529.264632316157,5.020515585927212e+38
8532.766383191596,5.01405431570153e+38
8536.268134067033,5.007603153573288e+38
8539.76988494247,5.001162081245328e+38
8543.27163581791,4.994731080457228e+38
8546.773386693347,4.9883101329852285e+38
8550.275137568784,4.981899220642137e+38
8553.776888444223,4.975498325277263e+38
8557.278639319658,4.9691074287763504e+38
8560.780390195097,4.962726513061461e+38
8564.282141070535,4.956355560090952e+38
8567.783891945972,4.949994551859356e+38
8571.28564282141,4.943643470397314e+38
8574.787393696848,4.9373022977715214e+38
8578.289144572285,4.930971016084626e+38
8581.790895447724,4.9246496074751424e+38
8585.292646323162,4.9183380541174224e+38
8588.794397198599,4.9120363382215285e+38
8592.296148074038,4.905744442033181e+38
8595.797898949473,4.899462347833696e+38
8599.299649824912,4.8931900379398685e+38
8602.801400700351,4.886927494703939e+38
8606.303151575787,4.8806747005135076e+38
8609.804902451226,4.8744316377914264e+38
8613.306653326663,4.8681982889957816e+38
8616.8084042021,4.86197463661977e+38
8620.31015507754,4.855760663191643e+38
8623.811905952976,4.849556351274639e+38
8627.313656828414,4.8433616834669016e+38
8630.815407703853,4.83717664240139e+38
8634.31715857929,4.831001210745841e+38
8637.818909454727,4.824835371202664e+38
8641.320660330166,4.818679106508879e+38
8644.822411205601,4.812532399436043e+38
8648.32416208104,4.8063952327901694e+38
8651.825912956478,4.800267589411669e+38
8655.327663831915,4.794149452175269e+38
8658.829414707354,4.7880408039899275e+38
8662.331165582791,4.7819416277987926e+38
8665.832916458228,4.775851906579091e+38
8669.334667333667,4.769771623342083e+38
8672.836418209105,4.763700761132987e+38
8676.338169084542,4.757639303030893e+38
8679.83991995998,4.751587232148703e+38
8683.341670835416,4.745544531633066e+38
8686.843421710855,4.739511184664268e+38
8690.345172586294,4.733487174456221e+38
8693.84692346173,4.727472484256347e+38
8697.348674337169,4.7214670973455046e+38
8700.850425212606,4.715470997037955e+38
8704.352176088043,4.709484166681256e+38
8707.853926963482,4.703506589656198e+38
8711.35567783892,4.697538249376759e+38
8714.857428714357,4.691579129289991e+38
8718.359179589796,4.68562921287598e+38
8721.860930465233,4.6796884836477824e+38
8725.36268134067,4.673756925151319e+38
8728.864432216109,4.6678345209653366e+38
8732.366183091544,4.6619212547013385e+38
8735.867933966983,4.656017110003481e+38
8739.36968484242,4.650122070548549e+38
8742.871435717858,4.6442361200458595e+38
8746.373186593297,4.6383592422371894e+38
8749.874937468734,4.632491420896732e+38
8753.376688344171,4.626632639830999e+38
8756.87843921961,4.620782882878763e+38
8760.380190095048,4.614942133911004e+38
8763.881940970485,4.609110376830812e+38
8767.383691845924,4.603287595573337e+38
8770.88544272136,4.597473774105736e+38
8774.387193596798,4.59166889642705e+38
8777.888944472235,4.585872946568209e+38
8781.390695347673,4.580085908591908e+38
8784.892446223112,4.574307766592563e+38
8788.394197098549,4.5685385046962504e+38
8791.895947973986,4.562778107060611e+38
8795.397698849425,4.5570265578748146e+38
8798.899449724862,4.55128384135948e+38
8802.4012006003,4.5455499417665994e+38
8805.902951475739,4.5398248433794846e+38
8809.404702351176,4.534108530512704e+38
8812.906453226613,4.528400987511988e+38
8816.408204102052,4.522702198754203e+38
8819.909954977487,4.5170121486472546e+38
8823.411705852926,4.511330821630033e+38
8826.913456728364,4.505658202172347e+38
8830.4152076038,4.499994274774863e+38
8833.91695847924,4.4943390239690194e+38
8837.418709354677,4.4886924343169946e+38
8840.920460230114,4.4830544904116054e+38
8844.422211105553,4.477425176876271e+38
8847.92396198099,4.47180447836493e+38
8851.425712856428,4.466192379561987e+38
8854.927463731867,4.460588865182227e+38
8858.429214607302,4.4549939199708e+38
8861.930965482741,4.4494075287030786e+38
8865.432716358178,4.44382967618467e+38
8868.934467233616,4.43826034725131e+38
8872.436218109055,4.432699526768805e+38
8875.937968984492,4.4271471996329806e+38
8879.439719859929,4.421603350769599e+38
8882.941470735368,4.416067965134306e+38
8886.443221610805,4.410541027712579e+38
8889.944972486242,4.405022523519637e+38
8893.446723361682,4.3995124376003996e+38
8896.948474237117,4.394010755029416e+38
8900.450225112556,4.388517460910792e+38
8903.951975987995,4.383032540378152e+38
8907.45372686343,4.3775559785945565e+38
8910.95547773887,4.3720877607524366e+38
8914.457228614307,4.366627872073552e+38
8917.958979489744,4.361176297808908e+38
8921.460730365183,4.3557330232387e+38
8924.96248124062,4.35029803367226e+38
8928.464232116057,4.344871314447991e+38
8931.965982991496,4.339452850933282e+38
8935.467733866933,4.3340426285244946e+38
8938.96948474237,4.328640632646854e+38
8942.47123561781,4.3232468487544046e+38
8945.972986493245,4.317861262329972e+38
8949.474737368684,4.312483858885057e+38
8952.976488244121,4.307114623959819e+38
8956.478239119559,4.3017535431229755e+38
8959.979989994998,4.296400601971776e+38
8963.481740870435,4.291055786131923e+38
8966.983491745872,4.285719081257511e+38
8970.485242621311,4.28039047303097e+38
8973.986993496748,4.27506994716301e+38
8977.488744372185,4.269757489392554e+38
8980.990495247624,4.264453085486676e+38
8984.49224612306,4.259156721240558e+38
8987.993996998499,4.253868382477397e+38
8991.495747873938,4.248588055048389e+38
8994.997498749373,4.243315724832637e+38
8998.499249624812,4.238051377737095e+38
9002.00100050025,4.232794999696528e+38
9005.502751375687,4.2275465766734324e+38
9009.004502251126,4.2223060946579876e+38
9012.506253126563,4.217073539668e+38
9016.008004002,4.211848897748828e+38
9019.50975487744,4.206632154973344e+38
9023.011505752876,4.201423297441868e+38
9026.513256628314,4.1962223112821e+38
9030.015007503753,4.191029182649076e+38
9033.516758379188,4.185843897725106e+38
9037.018509254627,4.180666442719705e+38
9040.520260130064,4.175496803869554e+38
9044.022011005502,4.17033496743843e+38
9047.52376188094,4.165180919717143e+38
9051.025512756378,4.160034647023507e+38
9054.527263631815,4.154896135702244e+38
9058.029014507254,4.149765372124948e+38
9061.530765382691,4.144642342690037e+38
9065.032516258128,4.139527033822673e+38
9068.534267133567,4.134419431974723e+38
9072.036018009003,4.129319523624697e+38
9075.537768884442,4.12422729527768e+38
9079.039519759881,4.119142733465303e+38
9082.541270635316,4.114065824745662e+38
9086.043021510755,4.108996555703265e+38
9089.544772386193,4.103934912948993e+38
9093.04652326163,4.098880883120021e+38
9096.548274137069,4.0938344528797766e+38
9100.050025012506,4.088795608917888e+38
9103.551775887943,4.0837643379501135e+38
9107.053526763382,4.078740626718292e+38
9110.55527763882,4.073724461990304e+38
9114.057028514257,4.068715830559989e+38
9117.558779389696,4.063714719247105e+38
9121.060530265131,4.058721114897281e+38
9124.56228114057,4.053735004381943e+38
9128.064032016007,4.048756374598277e+38
9131.565782891445,4.043785212469162e+38
9135.067533766884,4.038821504943129e+38
9138.56928464232,4.0338652389942904e+38
9142.071035517758,4.028916401622299e+38
9145.572786393197,4.023974979852282e+38
9149.074537268634,4.019040960734807e+38
9152.576288144071,4.0141143313457996e+38
9156.07803901951,4.009195078786514e+38
9159.579789894946,4.004283190183475e+38
9163.081540770385,3.999378652688398e+38
9166.583291645824,3.994481453478187e+38
9170.08504252126,3.989591579754838e+38
9173.586793396698,3.9847090187453886e+38
9177.088544272136,3.979833757701897e+38
9180.590295147573,3.9749657839013506e+38
9184.092046023012,3.970105084645644e+38
9187.593796898449,3.965251647261506e+38
9191.095547773886,3.960405459100454e+38
9194.597298649325,3.955566507538739e+38
9198.099049524762,3.9507347799773065e+38
9201.6008004002,3.9459102638417224e+38
9205.102551275639,3.9410929465821346e+38
9208.604302151074,3.9362828156732306e+38
9212.106053026513,3.931479858614147e+38
9215.60780390195,3.926684062928471e+38
9219.109554777388,3.921895416164152e+38
9222.611305652827,3.917113905893448e+38
9226.113056528264,3.912339519712907e+38
9229.614807403701,3.907572245243282e+38
9233.11655827914,3.902812070129492e+38
9236.618309154577,3.89805898204058e+38
9240.120060030014,3.8933129686696444e+38
9243.621810905453,3.888574017733802e+38
9247.123561780889,3.8838421169741354e+38
9250.625312656328,3.879117254155623e+38
9254.127063531767,3.874399417067129e+38
9257.628814407202,3.869688593521314e+38
9261.130565282641,3.864984771354596e+38
9264.632316158079,3.860287938427115e+38
9268.134067033516,3.855598082622664e+38
9271.635817908955,3.85091519184865e+38
9275.137568784392,3.846239254036038e+38
9278.63931965983,3.8415702571393044e+38
9282.141070535268,3.836908189136386e+38
9285.642821410705,3.832253038028636e+38
9289.144572286143,3.8276047918407644e+38
9292.646323161582,3.82296343862079e+38
9296.148074037017,3.818328966440012e+38
9299.649824912456,3.81370136339292e+38
9303.151575787893,3.8090806175971925e+38
9306.65332666333,3.804466717193606e+38
9310.15507753877,3.799859650346013e+38
9313.656828414207,3.7952594052412895e+38
9317.158579289644,3.79066597008927e+38
9320.660330165083,3.786079333122721e+38
9324.16208104052,3.781499482597275e+38
9327.663831915957,3.776926406791397e+38
9331.165582791396,3.772360094006324e+38
9334.667333666832,3.7678005325660276e+38
9338.16908454227,3.763247710817146e+38
9341.670835417708,3.75870161712897e+38
9345.172586293145,3.754162239893363e+38
9348.674337168584,3.749629567524726e+38
9352.176088044022,3.745103588459963e+38
9355.677838919459,3.740584291158402e+38
9359.179589794898,3.736071664101781e+38
9362.681340670335,3.7315656957941826e+38
9366.183091545772,3.727066374761987e+38
9369.684842421211,3.722573689553827e+38
9373.186593296648,3.718087628740555e+38
9376.688344172086,3.7136081809151676e+38
9380.190095047525,3.70913533469278e+38
9383.69184592296,3.704669078710589e+38
9387.193596798399,3.700209401627787e+38
9390.695347673836,3.695756292125559e+38
9394.197098549274,3.691309738907012e+38
9397.698849424713,3.686869730697131e+38
9401.20060030015,3.682436256242744e+38
9404.702351175587,3.6780093043124635e+38
9408.204102051026,3.673588863696647e+38
9411.705852926463,3.66917492320735e+38
9415.2076038019,3.664767471678278e+38
9418.70935467734,3.660366497964743e+38
9422.211105552775,3.655971990943628e+38
9425.712856428214,3.651583939513311e+38
9429.214607303651,3.647202332593661e+38
9432.716358179088,3.642827159125963e+38
9436.218109054527,3.6384584080728814e+38
9439.719859929965,3.634096068418417e+38
9443.221610805402,3.629740129167861e+38
9446.72336168084,3.625390579347749e+38
9450.225112556278,3.621047408005823e+38
9453.726863431715,3.61671060421097e+38
9457.228614307154,3.6123801570531945e+38
9460.730365182591,3.608056055643575e+38
9464.232116058029,3.6037382891142006e+38
9467.733866933468,3.599426846618143e+38
9471.235617808903,3.595121717329417e+38
9474.737368684342,3.5908228904429134e+38
9478.23911955978,3.586530355174381e+38
9481.740870435216,3.5822441007603676e+38
9485.242621310656,3.577964116458175e+38
9488.744372186093,3.57369039154583e+38
9492.24612306153,3.569422915322025e+38
9495.747873936969,3.5651616771060825e+38
9499.249624812406,3.560906666237907e+38
9502.751375687843,3.556657872077951e+38
9506.253126563282,3.552415284007161e+38
9509.754877438718,3.548178891426943e+38
9513.256628314157,3.543948683759104e+38
9516.758379189594,3.539724650445839e+38
9520.260130065031,3.535506780949654e+38
9523.76188094047,3.5312950647533505e+38
9527.263631815908,3.527089491359963e+38
9530.765382691345,3.522890050292736e+38
9534.267133566784,3.518696731095056e+38
9537.768884442221,3.5145095233304375e+38
9541.270635317658,3.510328416582462e+38
9544.772386193097,3.506153400454736e+38
9548.274137068533,3.501984464570867e+38
9551.775887943972,3.4978215985743945e+38
9555.27763881941,3.493664792128769e+38
9558.779389694846,3.489514034917312e+38
9562.281140570285,3.485369316643147e+38
9565.782891445722,3.48123062702919e+38
9569.28464232116,3.477097955818097e+38
9572.786393196599,3.4729712927722105e+38
9576.288144072036,3.468850627673536e+38
9579.789894947473,3.4647359503236914e+38
9583.291645822912,3.460627250543862e+38
9586.79339669835,3.456524518174776e+38
9590.295147573786,3.452427743076643e+38
9593.796898449225,3.448336915129124e+38
9597.29864932466,3.444252024231299e+38
9600.8004002001,3.4401730603016e+38
9604.302151075537,3.436100013277801e+38
9607.803901950974,3.432032873116959e+38
9611.305652826413,3.427971629795375e+38
9614.80740370185,3.423916273308562e+38
9618.309154577288,3.4198667936712e+38
9621.810905452727,3.4158231809170915e+38
9625.312656328164,3.411785425099128e+38
9628.814407203601,3.4077535162892475e+38
9632.31615807904,3.4037274445783925e+38
9635.817908954476,3.3997072000764795e+38
9639.319659829915,3.3956927729123395e+38
9642.821410705354,3.3916841532337043e+38
9646.323161580789,3.3876813312071526e+38
9649.824912456228,3.3836842970180577e+38
9653.326663331665,3.3796930408705828e+38
9656.828414207102,3.3757075529876025e+38
9660.330165082541,3.371727823610694e+38
9663.831915957979,3.367753843000088e+38
9667.333666833416,3.363785601434619e+38
9670.835417708855,3.3598230892116977e+38
9674.337168584292,3.3558662966472784e+38
9677.83891945973,3.351915214075801e+38
9681.340670335168,3.3479698318501696e+38
9684.842421210604,3.3440301403417127e+38
9688.344172086043,3.34009612994012e+38
9691.84592296148,3.3361677910534463e+38
9695.347673836917,3.3322451141080374e+38
9698.849424712356,3.328328089548507e+38
9702.351175587793,3.324416707837703e+38
9705.85292646323,3.3205109594566523e+38
9709.35467733867,3.3166108349045408e+38
9712.856428214107,3.312716324698669e+38
9716.358179089544,3.3088274193744064e+38
9719.859929964983,3.3049441094851643e+38
9723.361680840419,3.301066385602365e+38
9726.863431715858,3.297194238315373e+38
9730.365182591297,3.2933276582314943e+38
9733.866933466732,3.2894666359759203e+38
9737.368684342171,3.2856111621916872e+38
9740.870435217608,3.2817612275396508e+38
9744.372186093045,3.2779168226984433e+38
9747.873936968484,3.2740779383644307e+38
9751.375687843922,3.270244565251693e+38
9754.877438719359,3.266416694091963e+38
9758.379189594798,3.2625943156346043e+38
9761.880940470235,3.2587774206465817e+38
9765.382691345672,3.254965999912408e+38
9768.884442221111,3.2511600442341123e+38
9772.386193096547,3.2473595444312174e+38
9775.887943971986,3.243564491340674e+38
9779.389694847423,3.2397748758168622e+38
9782.89144572286,3.235990688731521e+38
9786.3931965983,3.2322119209737306e+38
9789.894947473736,3.2284385634498762e+38
9793.396698349174,3.224670607083603e+38
9796.898449224613,3.2209080428157852e+38
9800.40020010005,3.217150861604495e+38
9803.901950975487,3.2133990544249582e+38
9807.403701850926,3.2096526122695206e+38
9810.905452726362,3.2059115261476206e+38
9814.4072036018,3.2021757870857392e+38
9817.90895447724,3.1984453861273777e+38
9821.410705352675,3.194720314333018e+38
9824.912456228114,3.1910005627800787e+38
9828.414207103551,3.1872861225628966e+38
9831.915957978988,3.1835769847926805e+38
9835.417708854427,3.1798731405974717e+38
9838.919459729865,3.1761745811221233e+38
9842.421210605302,3.1724812975282568e+38
9845.922961480741,3.168793280994219e+38
9849.424712356178,3.1651105227150663e+38
9852.926463231615,3.161433013902517e+38
9856.428214107054,3.1577607457849132e+38
9859.92996498249,3.1540937096072063e+38
9863.431715857929,3.1504318966308925e+38
9866.933466733366,3.146775298134006e+38
9870.435217608803,3.1431239054110688e+38
9873.936968484242,3.1394777097730585e+38
9877.43871935968,3.13583670254739e+38
9880.940470235117,3.132200875077849e+38
9884.442221110556,3.1285702187245883e+38
9887.943971985993,3.1249447248640868e+38
9891.44572286143,3.121324384889099e+38
9894.94747373687,3.1177091902086406e+38
9898.449224612305,3.1140991322479534e+38
9901.950975487744,3.1104942024484536e+38
9905.452726363183,3.106894392267718e+38
9908.954477238618,3.1032996931794523e+38
9912.456228114057,3.0997100966734255e+38
9915.957978989494,3.096125594255483e+38
9919.459729864931,3.0925461774474776e+38
9922.96148074037,3.08897183778725e+38
9926.463231615808,3.0854025668285997e+38
9929.964982491245,3.081838356141243e+38
9933.466733366684,3.0782791973107816e+38
9936.968484242121,3.074725081938676e+38
9940.470235117558,3.0711760016422066e+38
9943.971985992997,3.067631948054444e+38
9947.473736868433,3.0640929128242158e+38
9950.975487743872,3.060558887616067e+38
9954.477238619309,3.0570298641102414e+38
9957.978989494746,3.05350583400264e+38
9961.480740370185,3.0499867890047865e+38
9964.982491245622,3.0464727208438042e+38
9968.48424212106,3.042963621262372e+38
9971.985992996499,3.039459482018703e+38
9975.487743871936,3.035960294886508e+38
9978.989494747373,3.0324660516549602e+38
9982.491245622812,3.0289767441286622e+38
9985.992996498248,3.0254923641276347e+38
9989.494747373687,3.022012903487246e+38
9992.996498249124,3.0185383540582206e+38
9996.498249124561,3.015068707706577e+38
10000.0,3.011603956313614e+38
